-- MySQL dump 10.13  Distrib 8.0.33, for Linux (x86_64)
--
-- Host: localhost    Database: ranu
-- ------------------------------------------------------
-- Server version	8.0.33-0ubuntu0.22.04.2

/*!40101 SET @OLD_CHARACTER_SET_CLIENT=@@CHARACTER_SET_CLIENT */;
/*!40101 SET @OLD_CHARACTER_SET_RESULTS=@@CHARACTER_SET_RESULTS */;
/*!40101 SET @OLD_COLLATION_CONNECTION=@@COLLATION_CONNECTION */;
/*!50503 SET NAMES utf8mb4 */;
/*!40103 SET @OLD_TIME_ZONE=@@TIME_ZONE */;
/*!40103 SET TIME_ZONE='+00:00' */;
/*!40014 SET @OLD_UNIQUE_CHECKS=@@UNIQUE_CHECKS, UNIQUE_CHECKS=0 */;
/*!40014 SET @OLD_FOREIGN_KEY_CHECKS=@@FOREIGN_KEY_CHECKS, FOREIGN_KEY_CHECKS=0 */;
/*!40101 SET @OLD_SQL_MODE=@@SQL_MODE, SQL_MODE='NO_AUTO_VALUE_ON_ZERO' */;
/*!40111 SET @OLD_SQL_NOTES=@@SQL_NOTES, SQL_NOTES=0 */;

--
-- Table structure for table `auth_activation_attempts`
--

DROP TABLE IF EXISTS `auth_activation_attempts`;
/*!40101 SET @saved_cs_client     = @@character_set_client */;
/*!50503 SET character_set_client = utf8mb4 */;
CREATE TABLE `auth_activation_attempts` (
  `id` int unsigned NOT NULL AUTO_INCREMENT,
  `ip_address` varchar(255) NOT NULL,
  `user_agent` varchar(255) NOT NULL,
  `token` varchar(255) DEFAULT NULL,
  `created_at` datetime NOT NULL,
  PRIMARY KEY (`id`)
) ENGINE=InnoDB DEFAULT CHARSET=utf8mb3;
/*!40101 SET character_set_client = @saved_cs_client */;

--
-- Dumping data for table `auth_activation_attempts`
--

LOCK TABLES `auth_activation_attempts` WRITE;
/*!40000 ALTER TABLE `auth_activation_attempts` DISABLE KEYS */;
/*!40000 ALTER TABLE `auth_activation_attempts` ENABLE KEYS */;
UNLOCK TABLES;

--
-- Table structure for table `auth_groups`
--

DROP TABLE IF EXISTS `auth_groups`;
/*!40101 SET @saved_cs_client     = @@character_set_client */;
/*!50503 SET character_set_client = utf8mb4 */;
CREATE TABLE `auth_groups` (
  `id` int unsigned NOT NULL AUTO_INCREMENT,
  `name` varchar(255) NOT NULL,
  `description` varchar(255) NOT NULL,
  PRIMARY KEY (`id`)
) ENGINE=InnoDB AUTO_INCREMENT=3 DEFAULT CHARSET=utf8mb3;
/*!40101 SET character_set_client = @saved_cs_client */;

--
-- Dumping data for table `auth_groups`
--

LOCK TABLES `auth_groups` WRITE;
/*!40000 ALTER TABLE `auth_groups` DISABLE KEYS */;
INSERT INTO `auth_groups` VALUES (1,'admin','kelola admin'),(2,'kurir','kelola kurir');
/*!40000 ALTER TABLE `auth_groups` ENABLE KEYS */;
UNLOCK TABLES;

--
-- Table structure for table `auth_groups_permissions`
--

DROP TABLE IF EXISTS `auth_groups_permissions`;
/*!40101 SET @saved_cs_client     = @@character_set_client */;
/*!50503 SET character_set_client = utf8mb4 */;
CREATE TABLE `auth_groups_permissions` (
  `group_id` int unsigned NOT NULL DEFAULT '0',
  `permission_id` int unsigned NOT NULL DEFAULT '0',
  KEY `auth_groups_permissions_permission_id_foreign` (`permission_id`),
  KEY `group_id_permission_id` (`group_id`,`permission_id`),
  CONSTRAINT `auth_groups_permissions_group_id_foreign` FOREIGN KEY (`group_id`) REFERENCES `auth_groups` (`id`) ON DELETE CASCADE,
  CONSTRAINT `auth_groups_permissions_permission_id_foreign` FOREIGN KEY (`permission_id`) REFERENCES `auth_permissions` (`id`) ON DELETE CASCADE
) ENGINE=InnoDB DEFAULT CHARSET=utf8mb3;
/*!40101 SET character_set_client = @saved_cs_client */;

--
-- Dumping data for table `auth_groups_permissions`
--

LOCK TABLES `auth_groups_permissions` WRITE;
/*!40000 ALTER TABLE `auth_groups_permissions` DISABLE KEYS */;
/*!40000 ALTER TABLE `auth_groups_permissions` ENABLE KEYS */;
UNLOCK TABLES;

--
-- Table structure for table `auth_groups_users`
--

DROP TABLE IF EXISTS `auth_groups_users`;
/*!40101 SET @saved_cs_client     = @@character_set_client */;
/*!50503 SET character_set_client = utf8mb4 */;
CREATE TABLE `auth_groups_users` (
  `group_id` int unsigned NOT NULL DEFAULT '0',
  `user_id` int unsigned NOT NULL DEFAULT '0',
  KEY `auth_groups_users_user_id_foreign` (`user_id`),
  KEY `group_id_user_id` (`group_id`,`user_id`),
  CONSTRAINT `auth_groups_users_group_id_foreign` FOREIGN KEY (`group_id`) REFERENCES `auth_groups` (`id`) ON DELETE CASCADE,
  CONSTRAINT `auth_groups_users_user_id_foreign` FOREIGN KEY (`user_id`) REFERENCES `users` (`id`) ON DELETE CASCADE
) ENGINE=InnoDB DEFAULT CHARSET=utf8mb3;
/*!40101 SET character_set_client = @saved_cs_client */;

--
-- Dumping data for table `auth_groups_users`
--

LOCK TABLES `auth_groups_users` WRITE;
/*!40000 ALTER TABLE `auth_groups_users` DISABLE KEYS */;
INSERT INTO `auth_groups_users` VALUES (1,1),(2,2);
/*!40000 ALTER TABLE `auth_groups_users` ENABLE KEYS */;
UNLOCK TABLES;

--
-- Table structure for table `auth_logins`
--

DROP TABLE IF EXISTS `auth_logins`;
/*!40101 SET @saved_cs_client     = @@character_set_client */;
/*!50503 SET character_set_client = utf8mb4 */;
CREATE TABLE `auth_logins` (
  `id` int unsigned NOT NULL AUTO_INCREMENT,
  `ip_address` varchar(255) DEFAULT NULL,
  `email` varchar(255) DEFAULT NULL,
  `user_id` int unsigned DEFAULT NULL,
  `date` datetime NOT NULL,
  `success` tinyint(1) NOT NULL,
  PRIMARY KEY (`id`),
  KEY `email` (`email`),
  KEY `user_id` (`user_id`)
) ENGINE=InnoDB AUTO_INCREMENT=8 DEFAULT CHARSET=utf8mb3;
/*!40101 SET character_set_client = @saved_cs_client */;

--
-- Dumping data for table `auth_logins`
--

LOCK TABLES `auth_logins` WRITE;
/*!40000 ALTER TABLE `auth_logins` DISABLE KEYS */;
INSERT INTO `auth_logins` VALUES (1,'127.0.0.1','admin@demo.com',1,'2023-06-02 09:46:49',1),(2,'127.0.0.1','admin@demo.com',1,'2023-06-02 10:06:09',1),(3,'127.0.0.1','admin@demo.com',1,'2023-06-02 10:22:18',1),(4,'127.0.0.1','admin@demo.com',1,'2023-06-05 03:49:23',1),(5,'127.0.0.1','admin@demo.com',1,'2023-06-11 12:19:23',1),(6,'127.0.0.1','kurir@demo.com',2,'2023-06-12 23:05:11',1),(7,'127.0.0.1','kurir@demo.com',2,'2023-06-12 23:13:33',1);
/*!40000 ALTER TABLE `auth_logins` ENABLE KEYS */;
UNLOCK TABLES;

--
-- Table structure for table `auth_permissions`
--

DROP TABLE IF EXISTS `auth_permissions`;
/*!40101 SET @saved_cs_client     = @@character_set_client */;
/*!50503 SET character_set_client = utf8mb4 */;
CREATE TABLE `auth_permissions` (
  `id` int unsigned NOT NULL AUTO_INCREMENT,
  `name` varchar(255) NOT NULL,
  `description` varchar(255) NOT NULL,
  PRIMARY KEY (`id`)
) ENGINE=InnoDB DEFAULT CHARSET=utf8mb3;
/*!40101 SET character_set_client = @saved_cs_client */;

--
-- Dumping data for table `auth_permissions`
--

LOCK TABLES `auth_permissions` WRITE;
/*!40000 ALTER TABLE `auth_permissions` DISABLE KEYS */;
/*!40000 ALTER TABLE `auth_permissions` ENABLE KEYS */;
UNLOCK TABLES;

--
-- Table structure for table `auth_reset_attempts`
--

DROP TABLE IF EXISTS `auth_reset_attempts`;
/*!40101 SET @saved_cs_client     = @@character_set_client */;
/*!50503 SET character_set_client = utf8mb4 */;
CREATE TABLE `auth_reset_attempts` (
  `id` int unsigned NOT NULL AUTO_INCREMENT,
  `email` varchar(255) NOT NULL,
  `ip_address` varchar(255) NOT NULL,
  `user_agent` varchar(255) NOT NULL,
  `token` varchar(255) DEFAULT NULL,
  `created_at` datetime NOT NULL,
  PRIMARY KEY (`id`)
) ENGINE=InnoDB DEFAULT CHARSET=utf8mb3;
/*!40101 SET character_set_client = @saved_cs_client */;

--
-- Dumping data for table `auth_reset_attempts`
--

LOCK TABLES `auth_reset_attempts` WRITE;
/*!40000 ALTER TABLE `auth_reset_attempts` DISABLE KEYS */;
/*!40000 ALTER TABLE `auth_reset_attempts` ENABLE KEYS */;
UNLOCK TABLES;

--
-- Table structure for table `auth_tokens`
--

DROP TABLE IF EXISTS `auth_tokens`;
/*!40101 SET @saved_cs_client     = @@character_set_client */;
/*!50503 SET character_set_client = utf8mb4 */;
CREATE TABLE `auth_tokens` (
  `id` int unsigned NOT NULL AUTO_INCREMENT,
  `selector` varchar(255) NOT NULL,
  `hashedValidator` varchar(255) NOT NULL,
  `user_id` int unsigned NOT NULL,
  `expires` datetime NOT NULL,
  PRIMARY KEY (`id`),
  KEY `auth_tokens_user_id_foreign` (`user_id`),
  KEY `selector` (`selector`),
  CONSTRAINT `auth_tokens_user_id_foreign` FOREIGN KEY (`user_id`) REFERENCES `users` (`id`) ON DELETE CASCADE
) ENGINE=InnoDB DEFAULT CHARSET=utf8mb3;
/*!40101 SET character_set_client = @saved_cs_client */;

--
-- Dumping data for table `auth_tokens`
--

LOCK TABLES `auth_tokens` WRITE;
/*!40000 ALTER TABLE `auth_tokens` DISABLE KEYS */;
/*!40000 ALTER TABLE `auth_tokens` ENABLE KEYS */;
UNLOCK TABLES;

--
-- Table structure for table `auth_users_permissions`
--

DROP TABLE IF EXISTS `auth_users_permissions`;
/*!40101 SET @saved_cs_client     = @@character_set_client */;
/*!50503 SET character_set_client = utf8mb4 */;
CREATE TABLE `auth_users_permissions` (
  `user_id` int unsigned NOT NULL DEFAULT '0',
  `permission_id` int unsigned NOT NULL DEFAULT '0',
  KEY `auth_users_permissions_permission_id_foreign` (`permission_id`),
  KEY `user_id_permission_id` (`user_id`,`permission_id`),
  CONSTRAINT `auth_users_permissions_permission_id_foreign` FOREIGN KEY (`permission_id`) REFERENCES `auth_permissions` (`id`) ON DELETE CASCADE,
  CONSTRAINT `auth_users_permissions_user_id_foreign` FOREIGN KEY (`user_id`) REFERENCES `users` (`id`) ON DELETE CASCADE
) ENGINE=InnoDB DEFAULT CHARSET=utf8mb3;
/*!40101 SET character_set_client = @saved_cs_client */;

--
-- Dumping data for table `auth_users_permissions`
--

LOCK TABLES `auth_users_permissions` WRITE;
/*!40000 ALTER TABLE `auth_users_permissions` DISABLE KEYS */;
/*!40000 ALTER TABLE `auth_users_permissions` ENABLE KEYS */;
UNLOCK TABLES;

--
-- Table structure for table `fitur`
--

DROP TABLE IF EXISTS `fitur`;
/*!40101 SET @saved_cs_client     = @@character_set_client */;
/*!50503 SET character_set_client = utf8mb4 */;
CREATE TABLE `fitur` (
  `id` int NOT NULL AUTO_INCREMENT,
  `nilai` varchar(50) NOT NULL,
  `fkProduk` int NOT NULL,
  `fkKriteria` int NOT NULL,
  PRIMARY KEY (`id`),
  KEY `fitur_fkProduk_foreign` (`fkProduk`),
  KEY `fitur_fkKriteria_foreign` (`fkKriteria`),
  CONSTRAINT `fitur_fkKriteria_foreign` FOREIGN KEY (`fkKriteria`) REFERENCES `kriteria` (`id`) ON DELETE CASCADE,
  CONSTRAINT `fitur_fkProduk_foreign` FOREIGN KEY (`fkProduk`) REFERENCES `produk` (`id`) ON DELETE CASCADE
) ENGINE=InnoDB AUTO_INCREMENT=1969 DEFAULT CHARSET=utf8mb3;
/*!40101 SET character_set_client = @saved_cs_client */;

--
-- Dumping data for table `fitur`
--

LOCK TABLES `fitur` WRITE;
/*!40000 ALTER TABLE `fitur` DISABLE KEYS */;
INSERT INTO `fitur` VALUES (1,'3485000',1,5),(2,'3594000',2,5),(3,'4007000',3,5),(4,'3535000',4,5),(5,'3500000',5,5),(6,'2977000',6,5),(7,'3598000',7,5),(8,'3035000',8,5),(9,'3875000',9,5),(10,'4445000',10,5),(11,'7755000',11,5),(12,'5798000',12,5),(13,'5095000',13,5),(14,'3545000',14,5),(15,'4500000',15,5),(16,'5491000',16,5),(17,'3394000',17,5),(18,'8955000',18,5),(19,'3945000',19,5),(20,'3813000',20,5),(21,'4695000',21,5),(22,'4244000',22,5),(23,'3465000',23,5),(24,'3715500',24,5),(25,'7247000',25,5),(26,'3317000',26,5),(27,'3620000',27,5),(28,'8347000',28,5),(29,'3895000',29,5),(30,'3305000',30,5),(31,'3700000',31,5),(32,'5400000',32,5),(33,'2978000',33,5),(34,'3977000',34,5),(35,'3347000',35,5),(36,'4975000',36,5),(37,'3170000',37,5),(38,'4345000',38,5),(39,'2995000',39,5),(40,'3545000',40,5),(41,'4379000',41,5),(42,'4368000',42,5),(43,'4007000',43,5),(44,'6351000',44,5),(45,'4295000',45,5),(46,'3650500',46,5),(47,'5394000',47,5),(48,'3707000',48,5),(49,'3896000',49,5),(50,'2400000',50,5),(51,'5105000',51,5),(52,'3900000',52,5),(53,'3947000',53,5),(54,'4045000',54,5),(55,'2851000',55,5),(56,'3175000',56,5),(57,'2985000',57,5),(58,'2925000',58,5),(59,'3608000',59,5),(60,'3238000',60,5),(61,'2991000',61,5),(62,'4805000',62,5),(63,'3099000',63,5),(64,'2875000',64,5),(65,'3011000',65,5),(66,'3065000',66,5),(67,'4020000',67,5),(68,'3255000',68,5),(69,'3195000',69,5),(70,'2985000',70,5),(71,'4099000',71,5),(72,'7009000',72,5),(73,'3755000',73,5),(74,'3745000',74,5),(75,'3755000',75,5),(76,'3900000',76,5),(77,'3129000',77,5),(78,'2858000',78,5),(79,'2925000',79,5),(80,'2895000',80,5),(81,'3785000',81,5),(82,'3041000',82,5),(83,'3005000',83,5),(84,'5550000',84,5),(85,'4775000',85,5),(86,'2590000',86,5),(87,'4105000',87,5),(88,'3454000',88,5),(89,'2927000',89,5),(90,'4198000',90,5),(91,'2653000',91,5),(92,'2598000',92,5),(93,'2655000',93,5),(94,'2955000',94,5),(95,'2599000',95,5),(96,'5954000',96,5),(97,'3705000',97,5),(98,'4358000',98,5),(99,'3550000',99,5),(100,'3777000',100,5),(101,'8100000',101,5),(102,'6076000',102,5),(103,'5989000',103,5),(104,'3800000',104,5),(105,'3100000',105,5),(106,'2845000',106,5),(107,'6359000',107,5),(108,'4750000',108,5),(109,'3500000',109,5),(110,'8757000',110,5),(111,'3305000',111,5),(112,'5500000',112,5),(113,'3019000',113,5),(114,'3500000',114,5),(115,'16700000',115,5),(116,'4600000',116,5),(117,'2953900',117,5),(118,'4899555',118,5),(119,'3355000',119,5),(120,'4599000',120,5),(121,'16641000',121,5),(122,'3800000',122,5),(123,'6700000',123,5),(124,'11980000',124,5),(125,'8410000',125,5),(126,'3277000',126,5),(127,'11606000',127,5),(128,'7895000',128,5),(129,'3358000',129,5),(130,'3350000',130,5),(131,'19797000',131,5),(132,'4525000',132,5),(133,'5000000',133,5),(134,'3173000',134,5),(135,'3330000',135,5),(136,'8745000',136,5),(137,'3295000',137,5),(138,'3504000',138,5),(139,'23004000',139,5),(140,'4338000',140,5),(141,'3225000',141,5),(142,'5995000',142,5),(143,'6500000',143,5),(144,'5900000',144,5),(145,'3160000',145,5),(146,'10559000',146,5),(147,'9480000',147,5),(148,'7400000',148,5),(149,'3533000',149,5),(150,'3372500',150,5),(151,'4100000',151,5),(152,'3925000',152,5),(153,'5727000',153,5),(154,'5285000',154,5),(155,'3330999',155,5),(156,'4047000',156,5),(157,'3550000',157,5),(158,'5815000',158,5),(159,'4210000',159,5),(160,'3124000',160,5),(161,'8534000',161,5),(162,'3475000',162,5),(163,'5607000',163,5),(164,'4007000',164,5),(165,'4083000',165,5),(166,'3415000',166,5),(167,'5000000',167,5),(168,'8205000',168,5),(169,'10070000',169,5),(170,'5800000',170,5),(171,'3852000',171,5),(172,'13000000',172,5),(173,'3655000',173,5),(174,'5306000',174,5),(175,'3550000',175,5),(176,'5397000',176,5),(177,'5400500',177,5),(178,'4800000',178,5),(179,'5405500',179,5),(180,'5850000',180,5),(181,'6785000',181,5),(182,'3550000',182,5),(183,'5515500',183,5),(184,'2956000',184,5),(185,'3429000',185,5),(186,'2620500',186,5),(187,'3097000',187,5),(188,'3198000',188,5),(189,'5544000',189,5),(190,'9275000',190,5),(191,'2754000',191,5),(192,'3095000',192,5),(193,'4850000',193,5),(194,'4970000',194,5),(195,'3497000',195,5),(196,'2696000',196,5),(197,'3375000',197,5),(198,'4202000',198,5),(199,'2425000',199,5),(200,'6185000',200,5),(201,'3345000',201,5),(202,'2695000',202,5),(203,'2898000',203,5),(204,'4595000',204,5),(205,'2780000',205,5),(206,'3508000',206,5),(207,'325000',207,5),(208,'3250000',208,5),(209,'5415500',209,5),(210,'2898000',210,5),(211,'5793000',211,5),(212,'2695000',212,5),(213,'2756000',213,5),(214,'2695000',214,5),(215,'6235000',215,5),(216,'2950000',216,5),(217,'3173000',217,5),(218,'2457000',218,5),(219,'4148000',219,5),(220,'4190000',220,5),(221,'3946000',221,5),(222,'2695000',222,5),(223,'5305900',223,5),(224,'3603000',224,5),(225,'4095000',225,5),(226,'4035000',226,5),(227,'1/2',1,6),(228,'1/2',2,6),(229,'1',3,6),(230,'1/2',4,6),(231,'3/4',5,6),(232,'1/2',6,6),(233,'1',7,6),(234,'1/2',8,6),(235,'1/2',9,6),(236,'1/2',10,6),(237,'2',11,6),(238,'3/2',12,6),(239,'3/2',13,6),(240,'1/2',14,6),(241,'1/2',15,6),(242,'1',16,6),(243,'1/2',17,6),(244,'2',18,6),(245,'1',19,6),(246,'1',20,6),(247,'1',21,6),(248,'1',22,6),(249,'1/2',23,6),(250,'1',24,6),(251,'2',25,6),(252,'1/2',26,6),(253,'1',27,6),(254,'2',28,6),(255,'1/2',29,6),(256,'3/4',30,6),(257,'1/2',31,6),(258,'3/2',32,6),(259,'1/2',33,6),(260,'1',34,6),(261,'1/2',35,6),(262,'3/2',36,6),(263,'1',37,6),(264,'1',38,6),(265,'3/4',39,6),(266,'1/2',40,6),(267,'1',41,6),(268,'1/2',42,6),(269,'3/4',43,6),(270,'2',44,6),(271,'1',45,6),(272,'1/2',46,6),(273,'1',47,6),(274,'3/4',48,6),(275,'1',49,6),(276,'1/2',50,6),(277,'1',51,6),(278,'1',52,6),(279,'1',53,6),(280,'1/2',54,6),(281,'1/2',55,6),(282,'3/4',56,6),(283,'1/2',57,6),(284,'1/2',58,6),(285,'3/4',59,6),(286,'1',60,6),(287,'1/2',61,6),(288,'1',62,6),(289,'3/4',63,6),(290,'1/2',64,6),(291,'1',65,6),(292,'1/2',66,6),(293,'1',67,6),(294,'1/2',68,6),(295,'1/2',69,6),(296,'1/2',70,6),(297,'1',71,6),(298,'2',72,6),(299,'1',73,6),(300,'1/2',74,6),(301,'3/4',75,6),(302,'3/4',76,6),(303,'1',77,6),(304,'1/2',78,6),(305,'1/2',79,6),(306,'1/2',80,6),(307,'3/4',81,6),(308,'1/2',82,6),(309,'1/2',83,6),(310,'1/2',84,6),(311,'1/2',85,6),(312,'1',86,6),(313,'1/2',87,6),(314,'1/2',88,6),(315,'3/4',89,6),(316,'1/2',90,6),(317,'1/2',91,6),(318,'1',92,6),(319,'1',93,6),(320,'1',94,6),(321,'1',95,6),(322,'2',96,6),(323,'1',97,6),(324,'1',98,6),(325,'3/4',99,6),(326,'1/2',100,6),(327,'2',101,6),(328,'1/2',102,6),(329,'2',103,6),(330,'1/2',104,6),(331,'3/4',105,6),(332,'3/4',106,6),(333,'2',107,6),(334,'2',108,6),(335,'1',109,6),(336,'2',110,6),(337,'3',111,6),(338,'2',112,6),(339,'1',113,6),(340,'1',114,6),(341,'5/2',115,6),(342,'1',116,6),(343,'1',117,6),(344,'1/2',118,6),(345,'1/2',119,6),(346,'3/2',120,6),(347,'5/2',121,6),(348,'1/2',122,6),(349,'3/2',123,6),(350,'2',124,6),(351,'1/2',125,6),(352,'3/4',126,6),(353,'5/2',127,6),(354,'3/2',128,6),(355,'3/4',129,6),(356,'3/4',130,6),(357,'1',131,6),(358,'1',132,6),(359,'1',133,6),(360,'1',134,6),(361,'1/2',135,6),(362,'2',136,6),(363,'1/2',137,6),(364,'1',138,6),(365,'1',139,6),(366,'3/2',140,6),(367,'1',141,6),(368,'2',142,6),(369,'2',143,6),(370,'3/2',144,6),(371,'3/4',145,6),(372,'2',146,6),(373,'2',147,6),(374,'3/2',148,6),(375,'3/4',149,6),(376,'1/2',150,6),(377,'1/2',151,6),(378,'1/2',152,6),(379,'3/2',153,6),(380,'2',154,6),(381,'1/2',155,6),(382,'3/4',156,6),(383,'1/2',157,6),(384,'1',158,6),(385,'1',159,6),(386,'3/4',160,6),(387,'5/2',161,6),(388,'3/4',162,6),(389,'2',163,6),(390,'1',164,6),(391,'1',165,6),(392,'1/2',166,6),(393,'1',167,6),(394,'5/2',168,6),(395,'2',169,6),(396,'2',170,6),(397,'1',171,6),(398,'3/2',172,6),(399,'3/4',173,6),(400,'3/2',174,6),(401,'1',175,6),(402,'3/2',176,6),(403,'3/2',177,6),(404,'3/2',178,6),(405,'2',179,6),(406,'1',180,6),(407,'2',181,6),(408,'1',182,6),(409,'1',183,6),(410,'1',184,6),(411,'1/2',185,6),(412,'1/2',186,6),(413,'1/2',187,6),(414,'1/2',188,6),(415,'1/2',189,6),(416,'5/2',190,6),(417,'1/2',191,6),(418,'1/2',192,6),(419,'3',193,6),(420,'1',194,6),(421,'1',195,6),(422,'1/2',196,6),(423,'1/2',197,6),(424,'3/4',198,6),(425,'1/2',199,6),(426,'2',200,6),(427,'1',201,6),(428,'3/4',202,6),(429,'1/2',203,6),(430,'3/4',204,6),(431,'3/4',205,6),(432,'1/2',206,6),(433,'1/2',207,6),(434,'1',208,6),(435,'3/4',209,6),(436,'1',210,6),(437,'3/2',211,6),(438,'1/2',212,6),(439,'3/4',213,6),(440,'1/2',214,6),(441,'2',215,6),(442,'1',216,6),(443,'3/4',217,6),(444,'1/2',218,6),(445,'1',219,6),(446,'1',220,6),(447,'1/2',221,6),(448,'3/4',222,6),(449,'1/2',223,6),(450,'1',224,6),(451,'1',225,6),(452,'3/2',226,6),(453,'320',1,7),(454,'400',2,7),(455,'840',3,7),(456,'1170',4,7),(457,'600',5,7),(458,'400',6,7),(459,'225',7,7),(460,'320',8,7),(461,'320',9,7),(462,'320',10,7),(463,'300',11,7),(464,'270',12,7),(465,'270',13,7),(466,'320',14,7),(467,'400',15,7),(468,'225',16,7),(469,'400',17,7),(470,'1920',18,7),(471,'400',19,7),(472,'225',20,7),(473,'225',21,7),(474,'225',22,7),(475,'320',23,7),(476,'660',24,7),(477,'300',25,7),(478,'400',26,7),(479,'660',27,7),(480,'1920',28,7),(481,'400',29,7),(482,'600',30,7),(483,'400',31,7),(484,'270',32,7),(485,'390',33,7),(486,'660',34,7),(487,'320',35,7),(488,'270',36,7),(489,'270',37,7),(490,'660',38,7),(491,'530',39,7),(492,'320',40,7),(493,'660',41,7),(494,'320',42,7),(495,'530',43,7),(496,'300',44,7),(497,'660',45,7),(498,'320',46,7),(499,'225',47,7),(500,'530',48,7),(501,'660',49,7),(502,'320',50,7),(503,'225',51,7),(504,'225',52,7),(505,'660',53,7),(506,'320',54,7),(507,'572',55,7),(508,'600',56,7),(509,'400',57,7),(510,'400',58,7),(511,'600',59,7),(512,'840',60,7),(513,'400',61,7),(514,'660',62,7),(515,'530',63,7),(516,'400',64,7),(517,'840',65,7),(518,'320',66,7),(519,'840',67,7),(520,'320',68,7),(521,'320',69,7),(522,'400',70,7),(523,'840',71,7),(524,'350',72,7),(525,'225',73,7),(526,'320',74,7),(527,'530',75,7),(528,'530',76,7),(529,'660',77,7),(530,'320',78,7),(531,'320',79,7),(532,'320',80,7),(533,'530',81,7),(534,'320',82,7),(535,'320',83,7),(536,'225',84,7),(537,'320',85,7),(538,'660',86,7),(539,'660',87,7),(540,'400',88,7),(541,'600',89,7),(542,'320',90,7),(543,'400',91,7),(544,'840',92,7),(545,'660',93,7),(546,'660',94,7),(547,'660',95,7),(548,'300',96,7),(549,'300',97,7),(550,'840',98,7),(551,'660',99,7),(552,'530',100,7),(553,'300',101,7),(554,'320',102,7),(555,'300',103,7),(556,'225',104,7),(557,'530',105,7),(558,'600',106,7),(559,'1920',107,7),(560,'1170',108,7),(561,'840',109,7),(562,'1920',110,7),(563,'600',111,7),(564,'300',112,7),(565,'225',113,7),(566,'225',114,7),(567,'350',115,7),(568,'225',116,7),(569,'225',117,7),(570,'320',118,7),(571,'320',119,7),(572,'270',120,7),(573,'350',121,7),(574,'320',122,7),(575,'270',123,7),(576,'300',124,7),(577,'20',125,7),(578,'530',126,7),(579,'350',127,7),(580,'270',128,7),(581,'840',129,7),(582,'840',130,7),(583,'660',131,7),(584,'660',132,7),(585,'225',133,7),(586,'840',134,7),(587,'270',135,7),(588,'300',136,7),(589,'400',137,7),(590,'225',138,7),(591,'225',139,7),(592,'270',140,7),(593,'840',141,7),(594,'840',142,7),(595,'1920',143,7),(596,'270',144,7),(597,'600',145,7),(598,'300',146,7),(599,'200',147,7),(600,'270',148,7),(601,'530',149,7),(602,'320',150,7),(603,'400',151,7),(604,'400',152,7),(605,'270',153,7),(606,'300',154,7),(607,'320',155,7),(608,'530',156,7),(609,'320',157,7),(610,'225',158,7),(611,'840',159,7),(612,'840',160,7),(613,'350',161,7),(614,'600',162,7),(615,'1920',163,7),(616,'840',164,7),(617,'660',165,7),(618,'400',166,7),(619,'225',167,7),(620,'350',168,7),(621,'300',169,7),(622,'1920',170,7),(623,'840',171,7),(624,'1170',172,7),(625,'530',173,7),(626,'320',174,7),(627,'840',175,7),(628,'1170',176,7),(629,'270',177,7),(630,'1170',178,7),(631,'1920',179,7),(632,'225',180,7),(633,'1920',181,7),(634,'660',182,7),(635,'660',183,7),(636,'660',184,7),(637,'320',185,7),(638,'400',186,7),(639,'400',187,7),(640,'400',188,7),(641,'400',189,7),(642,'2570',190,7),(643,'400',191,7),(644,'400',192,7),(645,'600',193,7),(646,'840',194,7),(647,'660',195,7),(648,'320',196,7),(649,'320',197,7),(650,'530',198,7),(651,'320',199,7),(652,'1920',200,7),(653,'840',201,7),(654,'600',202,7),(655,'400',203,7),(656,'1170',204,7),(657,'530',205,7),(658,'320',206,7),(659,'320',207,7),(660,'840',208,7),(661,'600',209,7),(662,'840',210,7),(663,'270',211,7),(664,'320',212,7),(665,'530',213,7),(666,'320',214,7),(667,'300',215,7),(668,'225',216,7),(669,'600',217,7),(670,'400',218,7),(671,'660',219,7),(672,'660',220,7),(673,'320',221,7),(674,'530',222,7),(675,'320',223,7),(676,'320',224,7),(677,'660',225,7),(678,'1170',226,7),(679,'LG',1,9),(680,'LG',2,9),(681,'LG',3,9),(682,'LG',4,9),(683,'LG',5,9),(684,'LG',6,9),(685,'LG',7,9),(686,'LG',8,9),(687,'LG',9,9),(688,'LG',10,9),(689,'LG',11,9),(690,'LG',12,9),(691,'LG',13,9),(692,'LG',14,9),(693,'LG',15,9),(694,'LG',16,9),(695,'LG',17,9),(696,'LG',18,9),(697,'LG',19,9),(698,'LG',20,9),(699,'LG',21,9),(700,'LG',22,9),(701,'LG',23,9),(702,'LG',24,9),(703,'LG',25,9),(704,'LG',26,9),(705,'LG',27,9),(706,'LG',28,9),(707,'Sharp',29,9),(708,'Sharp',30,9),(709,'Sharp',31,9),(710,'Sharp',32,9),(711,'Sharp',33,9),(712,'Sharp',34,9),(713,'Sharp',35,9),(714,'Sharp',36,9),(715,'Sharp',37,9),(716,'Sharp',38,9),(717,'Sharp',39,9),(718,'Sharp',40,9),(719,'Sharp',41,9),(720,'Sharp',42,9),(721,'Sharp',43,9),(722,'Sharp',44,9),(723,'Sharp',45,9),(724,'Sharp',46,9),(725,'Sharp',47,9),(726,'Sharp',48,9),(727,'Sharp',49,9),(728,'Sharp',50,9),(729,'Sharp',51,9),(730,'Sharp',52,9),(731,'Sharp',53,9),(732,'Sharp',54,9),(733,'Sharp',55,9),(734,'Sharp',56,9),(735,'Sharp',57,9),(736,'Sharp',58,9),(737,'Sharp',59,9),(738,'Sharp',60,9),(739,'Sharp',61,9),(740,'Sharp',62,9),(741,'Sharp',63,9),(742,'Sharp',64,9),(743,'Sharp',65,9),(744,'Sharp',66,9),(745,'Sharp',67,9),(746,'Sharp',68,9),(747,'Sharp',69,9),(748,'Sharp',70,9),(749,'Sharp',71,9),(750,'Sharp',72,9),(751,'Sharp',73,9),(752,'Sharp',74,9),(753,'Sharp',75,9),(754,'Sharp',76,9),(755,'Sharp',77,9),(756,'Sharp',78,9),(757,'Sharp',79,9),(758,'Sharp',80,9),(759,'Sharp',81,9),(760,'Sharp',82,9),(761,'Sharp',83,9),(762,'Sharp',84,9),(763,'Sharp',85,9),(764,'Sharp',86,9),(765,'Sharp',87,9),(766,'Polytron',88,9),(767,'Polytron',89,9),(768,'Polytron',90,9),(769,'Polytron',91,9),(770,'Polytron',92,9),(771,'Polytron',93,9),(772,'Polytron',94,9),(773,'Polytron',95,9),(774,'Daikin',96,9),(775,'Daikin',97,9),(776,'Daikin',98,9),(777,'Daikin',99,9),(778,'Daikin',100,9),(779,'Daikin',101,9),(780,'Daikin',102,9),(781,'Daikin',103,9),(782,'Daikin',104,9),(783,'Daikin',105,9),(784,'Daikin',106,9),(785,'Daikin',107,9),(786,'Daikin',108,9),(787,'Daikin',109,9),(788,'Daikin',110,9),(789,'Daikin',111,9),(790,'Daikin',112,9),(791,'Daikin',113,9),(792,'Daikin',114,9),(793,'Daikin',115,9),(794,'Daikin',116,9),(795,'Daikin',117,9),(796,'Daikin',118,9),(797,'Daikin',119,9),(798,'Daikin',120,9),(799,'Daikin',121,9),(800,'Daikin',122,9),(801,'Daikin',123,9),(802,'Daikin',124,9),(803,'Daikin',125,9),(804,'Daikin',126,9),(805,'Daikin',127,9),(806,'Daikin',128,9),(807,'Daikin',129,9),(808,'Daikin',130,9),(809,'Daikin',131,9),(810,'Daikin',132,9),(811,'Daikin',133,9),(812,'Daikin',134,9),(813,'Daikin',135,9),(814,'Daikin',136,9),(815,'Daikin',137,9),(816,'Daikin',138,9),(817,'Daikin',139,9),(818,'Daikin',140,9),(819,'Daikin',141,9),(820,'Daikin',142,9),(821,'Daikin',143,9),(822,'Daikin',144,9),(823,'Daikin',145,9),(824,'Daikin',146,9),(825,'Daikin',147,9),(826,'Daikin',148,9),(827,'Daikin',149,9),(828,'Daikin',150,9),(829,'Daikin',151,9),(830,'Daikin',152,9),(831,'Daikin',153,9),(832,'Daikin',154,9),(833,'Daikin',155,9),(834,'Daikin',156,9),(835,'Daikin',157,9),(836,'Daikin',158,9),(837,'Daikin',159,9),(838,'Daikin',160,9),(839,'Daikin',161,9),(840,'Daikin',162,9),(841,'Daikin',163,9),(842,'Daikin',164,9),(843,'Daikin',165,9),(844,'Daikin',166,9),(845,'Daikin',167,9),(846,'Daikin',168,9),(847,'Daikin',169,9),(848,'Daikin',170,9),(849,'Daikin',171,9),(850,'Daikin',172,9),(851,'Daikin',173,9),(852,'Daikin',174,9),(853,'Daikin',175,9),(854,'Daikin',176,9),(855,'Daikin',177,9),(856,'Daikin',178,9),(857,'Daikin',179,9),(858,'Daikin',180,9),(859,'Daikin',181,9),(860,'Samsung',182,9),(861,'Samsung',183,9),(862,'Samsung',184,9),(863,'Samsung',185,9),(864,'Samsung',186,9),(865,'Samsung',187,9),(866,'Samsung',188,9),(867,'Samsung',189,9),(868,'Samsung',190,9),(869,'Samsung',191,9),(870,'Samsung',192,9),(871,'Samsung',193,9),(872,'Samsung',194,9),(873,'Samsung',195,9),(874,'Samsung',196,9),(875,'Samsung',197,9),(876,'Samsung',198,9),(877,'Samsung',199,9),(878,'Samsung',200,9),(879,'Samsung',201,9),(880,'Samsung',202,9),(881,'Samsung',203,9),(882,'Samsung',204,9),(883,'Samsung',205,9),(884,'Samsung',206,9),(885,'Samsung',207,9),(886,'Samsung',208,9),(887,'Samsung',209,9),(888,'Samsung',210,9),(889,'Samsung',211,9),(890,'Samsung',212,9),(891,'Samsung',213,9),(892,'Samsung',214,9),(893,'Samsung',215,9),(894,'Samsung',216,9),(895,'Samsung',217,9),(896,'Samsung',218,9),(897,'Samsung',219,9),(898,'Samsung',220,9),(899,'Samsung',221,9),(900,'Samsung',222,9),(901,'Samsung',223,9),(902,'Samsung',224,9),(903,'Samsung',225,9),(904,'Samsung',226,9),(905,'240',227,1),(906,'210',228,1),(907,'180',229,1),(908,'170',230,1),(909,'240',231,1),(910,'170',232,1),(911,'240',233,1),(912,'180',234,1),(913,'758',235,1),(914,'768',236,1),(915,'695',237,1),(916,'695',238,1),(917,'695',239,1),(918,'640',240,1),(919,'256',241,1),(920,'256',242,1),(921,'205',243,1),(922,'205',244,1),(923,'600',245,1),(924,'600',246,1),(925,'550',247,1),(926,'550',248,1),(927,'550',249,1),(928,'510',250,1),(929,'510',251,1),(930,'510',252,1),(931,'185',253,1),(932,'184',254,1),(933,'166',255,1),(934,'133',256,1),(935,'184',257,1),(936,'166',258,1),(937,'133',259,1),(938,'185',260,1),(939,'184',261,1),(940,'133',262,1),(941,'184',263,1),(942,'184',264,1),(943,'133',265,1),(944,'133',266,1),(945,'166',267,1),(946,'166',268,1),(947,'166',269,1),(948,'133',270,1),(949,'166',271,1),(950,'169',272,1),(951,'171',273,1),(952,'333',274,1),(953,'164',275,1),(954,'165',276,1),(955,'195',277,1),(956,'169',278,1),(957,'203',279,1),(958,'169',280,1),(959,'165',281,1),(960,'187',282,1),(961,'225',283,1),(962,'202',284,1),(963,'437',285,1),(964,'453',286,1),(965,'321',287,1),(966,'209',288,1),(967,'272',289,1),(968,'416',290,1),(969,'187',291,1),(970,'187',292,1),(971,'225',293,1),(972,'679',294,1),(973,'618',295,1),(974,'185',296,1),(975,'500',297,1),(976,'384',298,1),(977,'321',299,1),(978,'440',300,1),(979,'300',301,1),(980,'190',302,1),(981,'162',303,1),(982,'172',304,1),(983,'180',305,1),(984,'180',306,1),(985,'180',307,1),(986,'190',308,1),(987,'190',309,1),(988,'172',310,1),(989,'190',311,1),(990,'230',312,1),(991,'50',313,1),(992,'260',314,1),(993,'145',227,2),(994,'110',228,2),(995,'80',229,2),(996,'75',230,2),(997,'154',231,2),(998,'80',232,2),(999,'100',233,2),(1000,'75',234,2),(1001,'132',235,2),(1002,'130',236,2),(1003,'173',237,2),(1004,'173',238,2),(1005,'75',239,2),(1006,'173',240,2),(1007,'100',241,2),(1008,'100',242,2),(1009,'100',243,2),(1010,'100',244,2),(1011,'148',245,2),(1012,'148',246,2),(1013,'148',247,2),(1014,'148',248,2),(1015,'148',249,2),(1016,'148',250,2),(1017,'148',251,2),(1018,'148',252,2),(1019,'90',253,2),(1020,'90',254,2),(1021,'90',255,2),(1022,'90',256,2),(1023,'90',257,2),(1024,'90',258,2),(1025,'90',259,2),(1026,'90',260,2),(1027,'90',261,2),(1028,'84',262,2),(1029,'90',263,2),(1030,'90',264,2),(1031,'84',265,2),(1032,'84',266,2),(1033,'90',267,2),(1034,'100',268,2),(1035,'90',269,2),(1036,'84',270,2),(1037,'90',271,2),(1038,'60',272,2),(1039,'110',273,2),(1040,'90',274,2),(1041,'60',275,2),(1042,'60',276,2),(1043,'60',277,2),(1044,'60',278,2),(1045,'60',279,2),(1046,'60',280,2),(1047,'60',281,2),(1048,'70',282,2),(1049,'70',283,2),(1050,'70',284,2),(1051,'90',285,2),(1052,'90',286,2),(1053,'90',287,2),(1054,'70',288,2),(1055,'90',289,2),(1056,'85',290,2),(1057,'70',291,2),(1058,'70',292,2),(1059,'70',293,2),(1060,'125',294,2),(1061,'10',295,2),(1062,'113',296,2),(1063,'300',297,2),(1064,'100',298,2),(1065,'100',299,2),(1066,'140',300,2),(1067,'120',301,2),(1068,'80',302,2),(1069,'120',303,2),(1070,'116',304,2),(1071,'80',305,2),(1072,'80',306,2),(1073,'116',307,2),(1074,'116',308,2),(1075,'116',309,2),(1076,'116',310,2),(1077,'116',311,2),(1078,'116',312,2),(1079,'70',313,2),(1080,'116',314,2),(1081,'3299000',227,3),(1082,'2899000',228,3),(1083,'2049000',229,3),(1084,'1749000',230,3),(1085,'3449000',231,3),(1086,'1799000',232,3),(1087,'3049000',233,3),(1088,'1949000',234,3),(1089,'32760000',235,3),(1090,'22888000',236,3),(1091,'15655000',237,3),(1092,'26770000',238,3),(1093,'15870000',239,3),(1094,'15230000',240,3),(1095,'3150000',241,3),(1096,'3600000',242,3),(1097,'3270000',243,3),(1098,'3270000',244,3),(1099,'11730000',245,3),(1100,'10410000',246,3),(1101,'11120000',247,3),(1102,'11120000',248,3),(1103,'9970000',249,3),(1104,'10360000',250,3),(1105,'10360000',251,3),(1106,'9610000',252,3),(1107,'2310000',253,3),(1108,'2180000',254,3),(1109,'2060000',255,3),(1110,'1739000',256,3),(1111,'2140000',257,3),(1112,'1700000',258,3),(1113,'1495000',259,3),(1114,'2430000',260,3),(1115,'1895500',261,3),(1116,'1580000',262,3),(1117,'1850000',263,3),(1118,'2180000',264,3),(1119,'1800000',265,3),(1120,'1650000',266,3),(1121,'2060000',267,3),(1122,'1750000',268,3),(1123,'1770000',269,3),(1124,'1650000',270,3),(1125,'2060000',271,3),(1126,'2272900',272,3),(1127,'3050000',273,3),(1128,'5209900',274,3),(1129,'2559900',275,3),(1130,'3570000',276,3),(1131,'2990000',277,3),(1132,'2350000',278,3),(1133,'2400000',279,3),(1134,'2400000',280,3),(1135,'3453000',281,3),(1136,'3149000',282,3),(1137,'3350000',283,3),(1138,'3279000',284,3),(1139,'7500000',285,3),(1140,'8250000',286,3),(1141,'5900000',287,3),(1142,'3745000',288,3),(1143,'5029000',289,3),(1144,'6262000',290,3),(1145,'3286000',291,3),(1146,'3521000',292,3),(1147,'3549000',293,3),(1148,'13112000',294,3),(1149,'17688800',295,3),(1150,'2299000',296,3),(1151,'8199000',297,3),(1152,'6099000',298,3),(1153,'5199000',299,3),(1154,'6799000',300,3),(1155,'5299000',301,3),(1156,'2130000',302,3),(1157,'3396000',303,3),(1158,'3350000',304,3),(1159,'2229000',305,3),(1160,'2229000',306,3),(1161,'3381000',307,3),(1162,'2276000',308,3),(1163,'3893000',309,3),(1164,'3350000',310,3),(1165,'2276000',311,3),(1166,'3381000',312,3),(1167,'1659000',313,3),(1168,'3724000',314,3),(1169,'polytron',227,4),(1170,'polytron',228,4),(1171,'polytron',229,4),(1172,'polytron',230,4),(1173,'polytron',231,4),(1174,'polytron',232,4),(1175,'polytron',233,4),(1176,'polytron',234,4),(1177,'sharp',235,4),(1178,'sharp',236,4),(1179,'sharp',237,4),(1180,'sharp',238,4),(1181,'sharp',239,4),(1182,'sharp',240,4),(1183,'sharp',241,4),(1184,'sharp',242,4),(1185,'sharp',243,4),(1186,'sharp',244,4),(1187,'sharp',245,4),(1188,'sharp',246,4),(1189,'sharp',247,4),(1190,'sharp',248,4),(1191,'sharp',249,4),(1192,'sharp',250,4),(1193,'sharp',251,4),(1194,'sharp',252,4),(1195,'sharp',253,4),(1196,'sharp',254,4),(1197,'sharp',255,4),(1198,'sharp',256,4),(1199,'sharp',257,4),(1200,'sharp',258,4),(1201,'sharp',259,4),(1202,'sharp',260,4),(1203,'sharp',261,4),(1204,'sharp',262,4),(1205,'sharp',263,4),(1206,'sharp',264,4),(1207,'sharp',265,4),(1208,'sharp',266,4),(1209,'sharp',267,4),(1210,'sharp',268,4),(1211,'sharp',269,4),(1212,'sharp',270,4),(1213,'sharp',271,4),(1214,'LG',272,4),(1215,'LG',273,4),(1216,'LG',274,4),(1217,'LG',275,4),(1218,'LG',276,4),(1219,'LG',277,4),(1220,'LG',278,4),(1221,'LG',279,4),(1222,'LG',280,4),(1223,'LG',281,4),(1224,'LG',282,4),(1225,'LG',283,4),(1226,'LG',284,4),(1227,'LG',285,4),(1228,'LG',286,4),(1229,'LG',287,4),(1230,'LG',288,4),(1231,'LG',289,4),(1232,'LG',290,4),(1233,'LG',291,4),(1234,'LG',292,4),(1235,'LG',293,4),(1236,'LG',294,4),(1237,'LG',295,4),(1238,'Samsung',296,4),(1239,'Samsung',297,4),(1240,'Samsung',298,4),(1241,'Samsung',299,4),(1242,'Samsung',300,4),(1243,'Samsung',301,4),(1244,'SANKEN',302,4),(1245,'SANKEN',303,4),(1246,'SANKEN',304,4),(1247,'SANKEN',305,4),(1248,'SANKEN',306,4),(1249,'SANKEN',307,4),(1250,'SANKEN',308,4),(1251,'SANKEN',309,4),(1252,'SANKEN',310,4),(1253,'SANKEN',311,4),(1254,'SANKEN',312,4),(1255,'SANKEN',313,4),(1256,'SANKEN',314,4),(1257,'2',227,16),(1258,'2',228,16),(1259,'1',229,16),(1260,'1',230,16),(1261,'2',231,16),(1262,'1',232,16),(1263,'2',233,16),(1264,'1',234,16),(1265,'2',235,16),(1266,'2',236,16),(1267,'2',237,16),(1268,'2',238,16),(1269,'2',239,16),(1270,'2',240,16),(1271,'2',241,16),(1272,'2',242,16),(1273,'2',243,16),(1274,'2',244,16),(1275,'2',245,16),(1276,'2',246,16),(1277,'2',247,16),(1278,'2',248,16),(1279,'2',249,16),(1280,'2',250,16),(1281,'2',251,16),(1282,'2',252,16),(1283,'1',253,16),(1284,'1',254,16),(1285,'1',255,16),(1286,'1',256,16),(1287,'1',257,16),(1288,'1',258,16),(1289,'1',259,16),(1290,'1',260,16),(1291,'1',261,16),(1292,'1',262,16),(1293,'1',263,16),(1294,'1',264,16),(1295,'1',265,16),(1296,'1',266,16),(1297,'1',267,16),(1298,'1',268,16),(1299,'1',269,16),(1300,'1',270,16),(1301,'1',271,16),(1302,'1',272,16),(1303,'1',273,16),(1304,'1',274,16),(1305,'1',275,16),(1306,'1',276,16),(1307,'1',277,16),(1308,'1',278,16),(1309,'1',279,16),(1310,'1',280,16),(1311,'1',281,16),(1312,'2',282,16),(1313,'2',283,16),(1314,'2',284,16),(1315,'2',285,16),(1316,'2',286,16),(1317,'2',287,16),(1318,'2',288,16),(1319,'2',289,16),(1320,'2',290,16),(1321,'2',291,16),(1322,'2',292,16),(1323,'2',293,16),(1324,'2',294,16),(1325,'2',295,16),(1326,'1',296,16),(1327,'2',297,16),(1328,'2',298,16),(1329,'2',299,16),(1330,'2',300,16),(1331,'2',301,16),(1332,'1',302,16),(1333,'1',303,16),(1334,'2',304,16),(1335,'1',305,16),(1336,'1',306,16),(1337,'2',307,16),(1338,'1',308,16),(1339,'2',309,16),(1340,'2',310,16),(1341,'1',311,16),(1342,'2',312,16),(1343,'1',313,16),(1344,'2',314,16),(1345,'otomatis',962,10),(1346,'otomatis',963,10),(1347,'otomatis',964,10),(1348,'otomatis',965,10),(1349,'otomatis',966,10),(1350,'otomatis',967,10),(1351,'manual',968,10),(1352,'otomatis',969,10),(1353,'otomatis',970,10),(1354,'otomatis',971,10),(1355,'manual',972,10),(1356,'manual',973,10),(1357,'manual',974,10),(1358,'manual',975,10),(1359,'otomatis',976,10),(1360,'otomatis',977,10),(1361,'otomatis',978,10),(1362,'otomatis',979,10),(1363,'otomatis',980,10),(1364,'otomatis',981,10),(1365,'otomatis',982,10),(1366,'otomatis',983,10),(1367,'otomatis',984,10),(1368,'otomatis',985,10),(1369,'otomatis',986,10),(1370,'otomatis',987,10),(1371,'otomatis',988,10),(1372,'otomatis',989,10),(1373,'otomatis',990,10),(1374,'otomatis',991,10),(1375,'otomatis',992,10),(1376,'otomatis',993,10),(1377,'otomatis',994,10),(1378,'otomatis',995,10),(1379,'otomatis',996,10),(1380,'otomatis',997,10),(1381,'otomatis',998,10),(1382,'manual',999,10),(1383,'otomatis',1000,10),(1384,'otomatis',1001,10),(1385,'otomatis',1002,10),(1386,'otomatis',1003,10),(1387,'otomatis',1004,10),(1388,'otomatis',1005,10),(1389,'manual',1006,10),(1390,'manual',1007,10),(1391,'manual',1008,10),(1392,'manual',1009,10),(1393,'manual',1010,10),(1394,'manual',1011,10),(1395,'manual',1012,10),(1396,'manual',1013,10),(1397,'manual',1014,10),(1398,'manual',1015,10),(1399,'manual',1016,10),(1400,'otomatis',1017,10),(1401,'otomatis',1018,10),(1402,'otomatis',1019,10),(1403,'otomatis',1020,10),(1404,'otomatis',1021,10),(1405,'manual',1022,10),(1406,'manual',1023,10),(1407,'manual',1024,10),(1408,'manual',1025,10),(1409,'manual',1026,10),(1410,'otomatis',1027,10),(1411,'otomatis',1028,10),(1412,'otomatis',1029,10),(1413,'otomatis',1030,10),(1414,'otomatis',1031,10),(1415,'otomatis',1032,10),(1416,'otomatis',1033,10),(1417,'otomatis',1034,10),(1418,'otomatis',1035,10),(1419,'otomatis',1036,10),(1420,'otomatis',1037,10),(1421,'otomatis',1038,10),(1422,'otomatis',1039,10),(1423,'manual',1040,10),(1424,'manual',1041,10),(1425,'manual',1042,10),(1426,'manual',1043,10),(1427,'otomatis',1044,10),(1428,'manual',1045,10),(1429,'manual',1046,10),(1430,'manual',1047,10),(1431,'manual',1048,10),(1432,'manual',1049,10),(1433,'manual',1050,10),(1434,'manual',1051,10),(1435,'otomatis',1052,10),(1436,'otomatis',1053,10),(1437,'manual',1054,10),(1438,'manual',1055,10),(1439,'manual',1056,10),(1440,'manual',1057,10),(1441,'manual',1058,10),(1442,'manual',1059,10),(1443,'manual',1060,10),(1444,'otomatis',1061,10),(1445,'otomatis',1062,10),(1446,'otomatis',1063,10),(1447,'otomatis',1064,10),(1448,'otomatis',1065,10),(1449,'4399000',962,11),(1450,'5079000',963,11),(1451,'3669000',964,11),(1452,'7399000',965,11),(1453,'3089000',966,11),(1454,'2999000',967,11),(1455,'2299000',968,11),(1456,'3499000',969,11),(1457,'11299000',970,11),(1458,'13399000',971,11),(1459,'2205000',972,11),(1460,'2116000',973,11),(1461,'2399000',974,11),(1462,'2499000',975,11),(1463,'3999000',976,11),(1464,'4450000',977,11),(1465,'4999000',978,11),(1466,'5795000',979,11),(1467,'4799000',980,11),(1468,'6039000',981,11),(1469,'5785000',982,11),(1470,'9999999',983,11),(1471,'4339000',984,11),(1472,'3850000',985,11),(1473,'1587300',986,11),(1474,'4799900',987,11),(1475,'6275000',988,11),(1476,'4599000',989,11),(1477,'7139000',990,11),(1478,'5698000',991,11),(1479,'7949000',992,11),(1480,'5999000',993,11),(1481,'7679000',994,11),(1482,'7399000',995,11),(1483,'8972000',996,11),(1484,'11999000',997,11),(1485,'9999000',998,11),(1486,'3174900',999,11),(1487,'3825000',1000,11),(1488,'4699000',1001,11),(1489,'2699000',1002,11),(1490,'2650000',1003,11),(1491,'2898000',1004,11),(1492,'3461000',1005,11),(1493,'3199000',1006,11),(1494,'2400000',1007,11),(1495,'2550000',1008,11),(1496,'2799000',1009,11),(1497,'2887500',1010,11),(1498,'2659000',1011,11),(1499,'1520400',1012,11),(1500,'1599000',1013,11),(1501,'3193000',1014,11),(1502,'1799000',1015,11),(1503,'2199000',1016,11),(1504,'2999000',1017,11),(1505,'4200000',1018,11),(1506,'2059000',1019,11),(1507,'2650000',1020,11),(1508,'2880000',1021,11),(1509,'1835000',1022,11),(1510,'1400000',1023,11),(1511,'2000000',1024,11),(1512,'2550000',1025,11),(1513,'1520000',1026,11),(1514,'7350000',1027,11),(1515,'2550000',1028,11),(1516,'2281183',1029,11),(1517,'2250000',1030,11),(1518,'1900000',1031,11),(1519,'4090000',1032,11),(1520,'3699000',1033,11),(1521,'3585000',1034,11),(1522,'4865000',1035,11),(1523,'3925000',1036,11),(1524,'4799000',1037,11),(1525,'4249000',1038,11),(1526,'4549000',1039,11),(1527,'1370000',1040,11),(1528,'1509000',1041,11),(1529,'1750000',1042,11),(1530,'1539123',1043,11),(1531,'2000000',1044,11),(1532,'1750000',1045,11),(1533,'1229000',1046,11),(1534,'1850000',1047,11),(1535,'1850000',1048,11),(1536,'1875000',1049,11),(1537,'1820000',1050,11),(1538,'1750000',1051,11),(1539,'2756000',1052,11),(1540,'3149000',1053,11),(1541,'2070000',1054,11),(1542,'1500000',1055,11),(1543,'1720000',1056,11),(1544,'1650000',1057,11),(1545,'2770000',1058,11),(1546,'2270000',1059,11),(1547,'1349000',1060,11),(1548,'2260000',1061,11),(1549,'2240000',1062,11),(1550,'2590000',1063,11),(1551,'2940000',1064,11),(1552,'2950000',1065,11),(1553,'10',962,12),(1554,'11',963,12),(1555,'13',964,12),(1556,'16',965,12),(1557,'7.5',966,12),(1558,'8',967,12),(1559,'7.5',968,12),(1560,'8.5',969,12),(1561,'16',970,12),(1562,'21',971,12),(1563,'12',972,12),(1564,'7.5',973,12),(1565,'8.5',974,12),(1566,'9.5',975,12),(1567,'6.5',976,12),(1568,'7',977,12),(1569,'7',978,12),(1570,'8',979,12),(1571,'8',980,12),(1572,'8.5',981,12),(1573,'8.5',982,12),(1574,'14',983,12),(1575,'7',984,12),(1576,'8',985,12),(1577,'15',986,12),(1578,'7',987,12),(1579,'7',988,12),(1580,'8',989,12),(1581,'8',990,12),(1582,'8.5',991,12),(1583,'9',992,12),(1584,'8.5',993,12),(1585,'9',994,12),(1586,'9',995,12),(1587,'11',996,12),(1588,'10.5',997,12),(1589,'10.5',998,12),(1590,'12',999,12),(1591,'7',1000,12),(1592,'8',1001,12),(1593,'7',1002,12),(1594,'8',1003,12),(1595,'7',1004,12),(1596,'8',1005,12),(1597,'12',1006,12),(1598,'11',1007,12),(1599,'12',1008,12),(1600,'14',1009,12),(1601,'14',1010,12),(1602,'14',1011,12),(1603,'6',1012,12),(1604,'6',1013,12),(1605,'6.5',1014,12),(1606,'8',1015,12),(1607,'9',1016,12),(1608,'10',1017,12),(1609,'12',1018,12),(1610,'7',1019,12),(1611,'7',1020,12),(1612,'8',1021,12),(1613,'10',1022,12),(1614,'7',1023,12),(1615,'7',1024,12),(1616,'14',1025,12),(1617,'8',1026,12),(1618,'14',1027,12),(1619,'6.5',1028,12),(1620,'6.5',1029,12),(1621,'6.5',1030,12),(1622,'8.5',1031,12),(1623,'6',1032,12),(1624,'10',1033,12),(1625,'10',1034,12),(1626,'10',1035,12),(1627,'10',1036,12),(1628,'10',1037,12),(1629,'11',1038,12),(1630,'12',1039,12),(1631,'6.5',1040,12),(1632,'7',1041,12),(1633,'8',1042,12),(1634,'8.5',1043,12),(1635,'8',1044,12),(1636,'8',1045,12),(1637,'7.5',1046,12),(1638,'8',1047,12),(1639,'8',1048,12),(1640,'8',1049,12),(1641,'9',1050,12),(1642,'8',1051,12),(1643,'9.5',1052,12),(1644,'10',1053,12),(1645,'9.5',1054,12),(1646,'9.5',1055,12),(1647,'9.5',1056,12),(1648,'9.5',1057,12),(1649,'9.5',1058,12),(1650,'9.5',1059,12),(1651,'9.5',1060,12),(1652,'7.5',1061,12),(1653,'8',1062,12),(1654,'8',1063,12),(1655,'9',1064,12),(1656,'9',1065,12),(1657,'sedang',962,13),(1658,'sedang',963,13),(1659,'sedang',964,13),(1660,'sedang',965,13),(1661,'sedang',966,13),(1662,'sedang',967,13),(1663,'besar',968,13),(1664,'sedang',969,13),(1665,'besar',970,13),(1666,'besar',971,13),(1667,'besar',972,13),(1668,'besar',973,13),(1669,'besar',974,13),(1670,'besar',975,13),(1671,'sedang',976,13),(1672,'sedang',977,13),(1673,'sedang',978,13),(1674,'sedang',979,13),(1675,'sedang',980,13),(1676,'sedang',981,13),(1677,'sedang',982,13),(1678,'sedang',983,13),(1679,'sedang',984,13),(1680,'sedang',985,13),(1681,'besar',986,13),(1682,'sedang',987,13),(1683,'sedang',988,13),(1684,'sedang',989,13),(1685,'sedang',990,13),(1686,'sedang',991,13),(1687,'sedang',992,13),(1688,'sedang',993,13),(1689,'sedang',994,13),(1690,'sedang',995,13),(1691,'besar',996,13),(1692,'besar',997,13),(1693,'besar',998,13),(1694,'besar',999,13),(1695,'kecil',1000,13),(1696,'kecil',1001,13),(1697,'kecil',1002,13),(1698,'kecil',1003,13),(1699,'kecil',1004,13),(1700,'sedang',1005,13),(1701,'besar',1006,13),(1702,'besar',1007,13),(1703,'besar',1008,13),(1704,'besar',1009,13),(1705,'besar',1010,13),(1706,'besar',1011,13),(1707,'sedang',1012,13),(1708,'sedang',1013,13),(1709,'sedang',1014,13),(1710,'besar',1015,13),(1711,'besar',1016,13),(1712,'sedang',1017,13),(1713,'besar',1018,13),(1714,'sedang',1019,13),(1715,'sedang',1020,13),(1716,'sedang',1021,13),(1717,'besar',1022,13),(1718,'besar',1023,13),(1719,'besar',1024,13),(1720,'besar',1025,13),(1721,'besar',1026,13),(1722,'besar',1027,13),(1723,'sedang',1028,13),(1724,'besar',1029,13),(1725,'sedang',1030,13),(1726,'sedang',1031,13),(1727,'kecil',1032,13),(1728,'sedang',1033,13),(1729,'sedang',1034,13),(1730,'sedang',1035,13),(1731,'sedang',1036,13),(1732,'sedang',1037,13),(1733,'sedang',1038,13),(1734,'besar',1039,13),(1735,'besar',1040,13),(1736,'besar',1041,13),(1737,'besar',1042,13),(1738,'besar',1043,13),(1739,'sedang',1044,13),(1740,'besar',1045,13),(1741,'besar',1046,13),(1742,'besar',1047,13),(1743,'besar',1048,13),(1744,'besar',1049,13),(1745,'besar',1050,13),(1746,'besar',1051,13),(1747,'sedang',1052,13),(1748,'sedang',1053,13),(1749,'besar',1054,13),(1750,'besar',1055,13),(1751,'besar',1056,13),(1752,'besar',1057,13),(1753,'besar',1058,13),(1754,'besar',1059,13),(1755,'besar',1060,13),(1756,'sedang',1061,13),(1757,'sedang',1062,13),(1758,'sedang',1063,13),(1759,'sedang',1064,13),(1760,'sedang',1065,13),(1761,'480 ',962,14),(1762,'700 ',963,14),(1763,'700 ',964,14),(1764,'720 ',965,14),(1765,'300 ',966,14),(1766,'330 ',967,14),(1767,'150 ',968,14),(1768,'330 ',969,14),(1769,'400 ',970,14),(1770,'400 ',971,14),(1771,'350 ',972,14),(1772,'350 ',973,14),(1773,'350 ',974,14),(1774,'350 ',975,14),(1775,'80 ',976,14),(1776,'250 ',977,14),(1777,'250 ',978,14),(1778,'100 ',979,14),(1779,'100 ',980,14),(1780,'400 ',981,14),(1781,'400 ',982,14),(1782,'400 ',983,14),(1783,'400 ',984,14),(1784,'400 ',985,14),(1785,'350 ',986,14),(1786,'500 ',987,14),(1787,'500 ',988,14),(1788,'500 ',989,14),(1789,'500 ',990,14),(1790,'500 ',991,14),(1791,'400 ',992,14),(1792,'400 ',993,14),(1793,'400 ',994,14),(1794,'400 ',995,14),(1795,'400 ',996,14),(1796,'400 ',997,14),(1797,'400 ',998,14),(1798,'400 ',999,14),(1799,'220 ',1000,14),(1800,'220 ',1001,14),(1801,'420 ',1002,14),(1802,'420 ',1003,14),(1803,'420 ',1004,14),(1804,'420 ',1005,14),(1805,'300 ',1006,14),(1806,'300 ',1007,14),(1807,'300 ',1008,14),(1808,'210 ',1009,14),(1809,'210 ',1010,14),(1810,'210 ',1011,14),(1811,'320 ',1012,14),(1812,'320 ',1013,14),(1813,'320 ',1014,14),(1814,'320 ',1015,14),(1815,'250 ',1016,14),(1816,'300 ',1017,14),(1817,'300 ',1018,14),(1818,'390 ',1019,14),(1819,'390 ',1020,14),(1820,'390 ',1021,14),(1821,'450 ',1022,14),(1822,'450 ',1023,14),(1823,'350 ',1024,14),(1824,'255 ',1025,14),(1825,'255 ',1026,14),(1826,'255 ',1027,14),(1827,'255 ',1028,14),(1828,'255 ',1029,14),(1829,'255 ',1030,14),(1830,'255 ',1031,14),(1831,'255 ',1032,14),(1832,'255 ',1033,14),(1833,'255 ',1034,14),(1834,'255 ',1035,14),(1835,'255 ',1036,14),(1836,'255 ',1037,14),(1837,'255 ',1038,14),(1838,'255 ',1039,14),(1839,'350 ',1040,14),(1840,'350 ',1041,14),(1841,'140 ',1042,14),(1842,'140 ',1043,14),(1843,'140 ',1044,14),(1844,'140 ',1045,14),(1845,'140 ',1046,14),(1846,'140 ',1047,14),(1847,'140 ',1048,14),(1848,'140 ',1049,14),(1849,'140 ',1050,14),(1850,'140 ',1051,14),(1851,'360 ',1052,14),(1852,'360 ',1053,14),(1853,'230 ',1054,14),(1854,'230 ',1055,14),(1855,'230 ',1056,14),(1856,'230 ',1057,14),(1857,'230 ',1058,14),(1858,'230 ',1059,14),(1859,'230 ',1060,14),(1860,'330 ',1061,14),(1861,'330 ',1062,14),(1862,'330 ',1063,14),(1863,'330 ',1064,14),(1864,'330 ',1065,14),(1865,'samsung',962,15),(1866,'samsung',963,15),(1867,'samsung',964,15),(1868,'samsung',965,15),(1869,'samsung',966,15),(1870,'samsung',967,15),(1871,'samsung',968,15),(1872,'samsung',969,15),(1873,'samsung',970,15),(1874,'samsung',971,15),(1875,'samsung',972,15),(1876,'samsung',973,15),(1877,'samsung',974,15),(1878,'samsung',975,15),(1879,'samsung',976,15),(1880,'samsung',977,15),(1881,'samsung',978,15),(1882,'samsung',979,15),(1883,'samsung',980,15),(1884,'LG',981,15),(1885,'LG',982,15),(1886,'LG',983,15),(1887,'LG',984,15),(1888,'LG',985,15),(1889,'LG',986,15),(1890,'LG',987,15),(1891,'LG',988,15),(1892,'LG',989,15),(1893,'LG',990,15),(1894,'LG',991,15),(1895,'LG',992,15),(1896,'LG',993,15),(1897,'LG',994,15),(1898,'LG',995,15),(1899,'LG',996,15),(1900,'LG',997,15),(1901,'LG',998,15),(1902,'LG',999,15),(1903,'Panasonic',1000,15),(1904,'Panasonic',1001,15),(1905,'Panasonic',1002,15),(1906,'Panasonic',1003,15),(1907,'Panasonic',1004,15),(1908,'Panasonic',1005,15),(1909,'Panasonic',1006,15),(1910,'Panasonic',1007,15),(1911,'Panasonic',1008,15),(1912,'Panasonic',1009,15),(1913,'Panasonic',1010,15),(1914,'Panasonic',1011,15),(1915,'Panasonic',1012,15),(1916,'Panasonic',1013,15),(1917,'Panasonic',1014,15),(1918,'Panasonic',1015,15),(1919,'Panasonic',1016,15),(1920,'Sanyo',1017,15),(1921,'Sanyo',1018,15),(1922,'Sanyo',1019,15),(1923,'Sanyo',1020,15),(1924,'Sanyo',1021,15),(1925,'Sanyo',1022,15),(1926,'Sanyo',1023,15),(1927,'sharp',1024,15),(1928,'sharp',1025,15),(1929,'sharp',1026,15),(1930,'sharp',1027,15),(1931,'sharp',1028,15),(1932,'sharp',1029,15),(1933,'sharp',1030,15),(1934,'sharp',1031,15),(1935,'sharp',1032,15),(1936,'sharp',1033,15),(1937,'sharp',1034,15),(1938,'sharp',1035,15),(1939,'sharp',1036,15),(1940,'sharp',1037,15),(1941,'sharp',1038,15),(1942,'sharp',1039,15),(1943,'sharp',1040,15),(1944,'sharp',1041,15),(1945,'toshiba',1042,15),(1946,'toshiba',1043,15),(1947,'toshiba',1044,15),(1948,'toshiba',1045,15),(1949,'toshiba',1046,15),(1950,'toshiba',1047,15),(1951,'toshiba',1048,15),(1952,'toshiba',1049,15),(1953,'toshiba',1050,15),(1954,'toshiba',1051,15),(1955,'Polytron',1052,15),(1956,'Polytron',1053,15),(1957,'Polytron',1054,15),(1958,'Polytron',1055,15),(1959,'Polytron',1056,15),(1960,'Polytron',1057,15),(1961,'Polytron',1058,15),(1962,'Polytron',1059,15),(1963,'Polytron',1060,15),(1964,'Polytron',1061,15),(1965,'Polytron',1062,15),(1966,'Polytron',1063,15),(1967,'Polytron',1064,15),(1968,'Polytron',1065,15);
/*!40000 ALTER TABLE `fitur` ENABLE KEYS */;
UNLOCK TABLES;

--
-- Table structure for table `jenis`
--

DROP TABLE IF EXISTS `jenis`;
/*!40101 SET @saved_cs_client     = @@character_set_client */;
/*!50503 SET character_set_client = utf8mb4 */;
CREATE TABLE `jenis` (
  `id` int NOT NULL AUTO_INCREMENT,
  `nama` varchar(50) NOT NULL,
  PRIMARY KEY (`id`)
) ENGINE=InnoDB AUTO_INCREMENT=4 DEFAULT CHARSET=utf8mb3;
/*!40101 SET character_set_client = @saved_cs_client */;

--
-- Dumping data for table `jenis`
--

LOCK TABLES `jenis` WRITE;
/*!40000 ALTER TABLE `jenis` DISABLE KEYS */;
INSERT INTO `jenis` VALUES (1,'Kulkas'),(2,'AC'),(3,'Mesin Cuci');
/*!40000 ALTER TABLE `jenis` ENABLE KEYS */;
UNLOCK TABLES;

--
-- Table structure for table `konsumen`
--

DROP TABLE IF EXISTS `konsumen`;
/*!40101 SET @saved_cs_client     = @@character_set_client */;
/*!50503 SET character_set_client = utf8mb4 */;
CREATE TABLE `konsumen` (
  `id` int NOT NULL AUTO_INCREMENT,
  `nama` varchar(50) NOT NULL,
  `telp` varchar(16) NOT NULL,
  `alamat` varchar(50) NOT NULL,
  `tanggalLahir` datetime NOT NULL,
  PRIMARY KEY (`id`)
) ENGINE=InnoDB AUTO_INCREMENT=7 DEFAULT CHARSET=utf8mb3;
/*!40101 SET character_set_client = @saved_cs_client */;

--
-- Dumping data for table `konsumen`
--

LOCK TABLES `konsumen` WRITE;
/*!40000 ALTER TABLE `konsumen` DISABLE KEYS */;
INSERT INTO `konsumen` VALUES (1,'Muhamad abi saleh','082238204776','jl.baru','1999-09-06 00:00:00'),(2,'amin','0822','jlbaru','1999-09-06 00:00:00'),(3,'Ranu Lappu','082238204776','Abepura','2023-06-02 00:00:00'),(4,'ranu','092092','Abepura','2023-01-03 00:00:00'),(5,'abi saleh','86787','asds','2023-06-05 00:00:00'),(6,'Abi','0822','Abe','0000-00-00 00:00:00');
/*!40000 ALTER TABLE `konsumen` ENABLE KEYS */;
UNLOCK TABLES;

--
-- Table structure for table `kriteria`
--

DROP TABLE IF EXISTS `kriteria`;
/*!40101 SET @saved_cs_client     = @@character_set_client */;
/*!50503 SET character_set_client = utf8mb4 */;
CREATE TABLE `kriteria` (
  `id` int NOT NULL AUTO_INCREMENT,
  `nama` varchar(50) NOT NULL,
  `bobot` int NOT NULL,
  `utility` enum('lebih kecil lebih baik','lebih besar lebih baik') NOT NULL,
  `fkJenis` int NOT NULL,
  PRIMARY KEY (`id`),
  KEY `kriteria_fkJenis_foreign` (`fkJenis`),
  CONSTRAINT `kriteria_fkJenis_foreign` FOREIGN KEY (`fkJenis`) REFERENCES `jenis` (`id`) ON DELETE CASCADE
) ENGINE=InnoDB AUTO_INCREMENT=23 DEFAULT CHARSET=utf8mb3;
/*!40101 SET character_set_client = @saved_cs_client */;

--
-- Dumping data for table `kriteria`
--

LOCK TABLES `kriteria` WRITE;
/*!40000 ALTER TABLE `kriteria` DISABLE KEYS */;
INSERT INTO `kriteria` VALUES (1,'Kapasitas',20,'lebih besar lebih baik',1),(2,'DayaListrik',0,'lebih kecil lebih baik',1),(3,'Harga',0,'lebih kecil lebih baik',1),(4,'Merek',0,'lebih besar lebih baik',1),(5,'Harga',10,'lebih kecil lebih baik',2),(6,'Tenaga',10,'lebih besar lebih baik',2),(7,'DayaListrik',10,'lebih kecil lebih baik',2),(9,'Merek',10,'lebih besar lebih baik',2),(10,'Fungsi',10,'lebih besar lebih baik',3),(11,'Harga',20,'lebih kecil lebih baik',3),(12,'Kapasitas',10,'lebih besar lebih baik',3),(13,'Ukuran',30,'lebih besar lebih baik',3),(14,'DayaListrik',20,'lebih kecil lebih baik',3),(15,'Merek',10,'lebih besar lebih baik',3),(16,'JenisKulkas',20,'lebih besar lebih baik',1);
/*!40000 ALTER TABLE `kriteria` ENABLE KEYS */;
UNLOCK TABLES;

--
-- Table structure for table `migrations`
--

DROP TABLE IF EXISTS `migrations`;
/*!40101 SET @saved_cs_client     = @@character_set_client */;
/*!50503 SET character_set_client = utf8mb4 */;
CREATE TABLE `migrations` (
  `id` bigint unsigned NOT NULL AUTO_INCREMENT,
  `version` varchar(255) NOT NULL,
  `class` varchar(255) NOT NULL,
  `group` varchar(255) NOT NULL,
  `namespace` varchar(255) NOT NULL,
  `time` int NOT NULL,
  `batch` int unsigned NOT NULL,
  PRIMARY KEY (`id`)
) ENGINE=InnoDB AUTO_INCREMENT=5 DEFAULT CHARSET=utf8mb3;
/*!40101 SET character_set_client = @saved_cs_client */;

--
-- Dumping data for table `migrations`
--

LOCK TABLES `migrations` WRITE;
/*!40000 ALTER TABLE `migrations` DISABLE KEYS */;
INSERT INTO `migrations` VALUES (2,'2023-02-28-033912','App\\Database\\Migrations\\Spkv2','default','App',1679274888,1),(3,'2017-11-20-223112','App\\Database\\Migrations\\CreateAuthTables','default','App',1685699158,2),(4,'2017-11-20-223112','Myth\\Auth\\Database\\Migrations\\CreateAuthTables','default','Myth\\Auth',1685699158,2);
/*!40000 ALTER TABLE `migrations` ENABLE KEYS */;
UNLOCK TABLES;

--
-- Table structure for table `pesanan`
--

DROP TABLE IF EXISTS `pesanan`;
/*!40101 SET @saved_cs_client     = @@character_set_client */;
/*!50503 SET character_set_client = utf8mb4 */;
CREATE TABLE `pesanan` (
  `id` int NOT NULL AUTO_INCREMENT,
  `tanggal` timestamp NOT NULL DEFAULT CURRENT_TIMESTAMP ON UPDATE CURRENT_TIMESTAMP,
  `status` enum('pending','dikirim','selesai') NOT NULL DEFAULT 'pending',
  `fkProduk` int NOT NULL,
  `fkKonsumen` int NOT NULL,
  PRIMARY KEY (`id`),
  KEY `pesanan_fkProduk_foreign` (`fkProduk`),
  KEY `pesanan_fkKonsumen_foreign` (`fkKonsumen`),
  CONSTRAINT `pesanan_fkKonsumen_foreign` FOREIGN KEY (`fkKonsumen`) REFERENCES `konsumen` (`id`) ON DELETE CASCADE,
  CONSTRAINT `pesanan_fkProduk_foreign` FOREIGN KEY (`fkProduk`) REFERENCES `produk` (`id`) ON DELETE CASCADE
) ENGINE=InnoDB AUTO_INCREMENT=7 DEFAULT CHARSET=utf8mb3;
/*!40101 SET character_set_client = @saved_cs_client */;

--
-- Dumping data for table `pesanan`
--

LOCK TABLES `pesanan` WRITE;
/*!40000 ALTER TABLE `pesanan` DISABLE KEYS */;
INSERT INTO `pesanan` VALUES (1,'2023-05-02 01:25:42','selesai',15,1),(2,'2023-05-02 01:55:13','dikirim',2,2),(3,'2023-06-12 23:10:15','dikirim',2,3),(4,'2023-06-05 05:15:46','pending',2,4),(5,'2023-06-05 05:29:42','pending',21,5),(6,'2023-06-11 12:18:58','pending',85,6);
/*!40000 ALTER TABLE `pesanan` ENABLE KEYS */;
UNLOCK TABLES;

--
-- Table structure for table `pilihan`
--

DROP TABLE IF EXISTS `pilihan`;
/*!40101 SET @saved_cs_client     = @@character_set_client */;
/*!50503 SET character_set_client = utf8mb4 */;
CREATE TABLE `pilihan` (
  `id` int NOT NULL AUTO_INCREMENT,
  `fkKonsumen` int NOT NULL,
  `fkProduk` int NOT NULL,
  `fkSubkriteria` int NOT NULL,
  PRIMARY KEY (`id`),
  KEY `pilihan_fkKonsumen_foreign` (`fkKonsumen`),
  KEY `pilihan_fkProduk_foreign` (`fkProduk`),
  KEY `pilihan_fkSubkriteria_foreign` (`fkSubkriteria`),
  CONSTRAINT `pilihan_fkKonsumen_foreign` FOREIGN KEY (`fkKonsumen`) REFERENCES `konsumen` (`id`) ON DELETE CASCADE,
  CONSTRAINT `pilihan_fkProduk_foreign` FOREIGN KEY (`fkProduk`) REFERENCES `produk` (`id`) ON DELETE CASCADE,
  CONSTRAINT `pilihan_fkSubkriteria_foreign` FOREIGN KEY (`fkSubkriteria`) REFERENCES `subkriteria` (`id`) ON DELETE CASCADE
) ENGINE=InnoDB DEFAULT CHARSET=utf8mb3;
/*!40101 SET character_set_client = @saved_cs_client */;

--
-- Dumping data for table `pilihan`
--

LOCK TABLES `pilihan` WRITE;
/*!40000 ALTER TABLE `pilihan` DISABLE KEYS */;
/*!40000 ALTER TABLE `pilihan` ENABLE KEYS */;
UNLOCK TABLES;

--
-- Table structure for table `produk`
--

DROP TABLE IF EXISTS `produk`;
/*!40101 SET @saved_cs_client     = @@character_set_client */;
/*!50503 SET character_set_client = utf8mb4 */;
CREATE TABLE `produk` (
  `id` int NOT NULL AUTO_INCREMENT,
  `merek` varchar(50) NOT NULL,
  `model` varchar(50) NOT NULL,
  `harga` int NOT NULL,
  `fkJenis` int NOT NULL,
  PRIMARY KEY (`id`),
  KEY `produk_fkJenis_foreign` (`fkJenis`),
  CONSTRAINT `produk_fkJenis_foreign` FOREIGN KEY (`fkJenis`) REFERENCES `jenis` (`id`) ON DELETE CASCADE
) ENGINE=InnoDB AUTO_INCREMENT=1066 DEFAULT CHARSET=utf8mb3;
/*!40101 SET character_set_client = @saved_cs_client */;

--
-- Dumping data for table `produk`
--

LOCK TABLES `produk` WRITE;
/*!40000 ALTER TABLE `produk` DISABLE KEYS */;
INSERT INTO `produk` VALUES (1,'LG','F05NX',3485000,2),(2,'LG','S-05LTG',3594000,2),(3,'LG','S09LPBX-R',4007000,2),(4,'LG','std 12NLA',3535000,2),(5,'LG','T07NLA',3500000,2),(6,'LG','T-05NL',2977000,2),(7,'LG','S09LPBXR',3598000,2),(8,'LG','F05NXA',3035000,2),(9,'LG','S12NLA',3875000,2),(10,'LG','D05YXA',4445000,2),(11,'LG','S18NLA',7755000,2),(12,'LG','D12YXA',5798000,2),(13,'LG','S-12LFG',5095000,2),(14,'LG','F05NXA',3545000,2),(15,'LG','T05NLA',4500000,2),(16,'LG','S-09ACR',5491000,2),(17,'LG','T05NWA',3394000,2),(18,'LG','TPC186SLA',8955000,2),(19,'LG','E09NXA',3945000,2),(20,'LG','E09NXA',3813000,2),(21,'LG','D09YXA',4695000,2),(22,'LG','E09NXA',4244000,2),(23,'LG','F05NXA',3465000,2),(24,'LG','E09NXA',3715500,2),(25,'LG','S-18LFG',7247000,2),(26,'LG','F05NXA',3317000,2),(27,'LG','S-09LPBX-R2',3620000,2),(28,'LG','D18YXA',8347000,2),(29,'Sharp','AHXP-5NSY',3895000,2),(30,'Sharp','AH-A7SEY',3305000,2),(31,'Sharp','AH-AP5RHL',3700000,2),(32,'Sharp','AH-A12SCY',5400000,2),(33,'Sharp','A5MEY',2978000,2),(34,'Sharp','AH-A9SDL',3977000,2),(35,'Sharp','AH-AP05SHL',3347000,2),(36,'Sharp','AH-AP12SHL',4975000,2),(37,'Sharp','AH-A09SEY',3170000,2),(38,'Sharp','AH-AP9SHL',4345000,2),(39,'Sharp','A7NCY',2995000,2),(40,'Sharp','AH-A5SDL',3545000,2),(41,'Sharp','AH-X9SEY',4379000,2),(42,'Sharp','iiKAZE',4368000,2),(43,'Sharp','AH-AP7RHL',4007000,2),(44,'Sharp','AH-A18SEY',6351000,2),(45,'Sharp','AH-A9MEY',4295000,2),(46,'Sharp','AH-AP5SHL',3650500,2),(47,'Sharp','AH-A12SEY',5394000,2),(48,'Sharp','AH-AP7RSL',3707000,2),(49,'Sharp','AH-A9SDL',3896000,2),(50,'Sharp','A5SEY',2400000,2),(51,'Sharp','AH-XP10SHY',5105000,2),(52,'Sharp','AH-AP9SHL',3900000,2),(53,'Sharp','AHA9SDL',3947000,2),(54,'Sharp','AH-AP5SHL',4045000,2),(55,'Sharp','A5NCY',2851000,2),(56,'Sharp','AH-A7SEY',3175000,2),(57,'Sharp','A5SCY',2985000,2),(58,'Sharp','AH-AP5PSY2',2925000,2),(59,'Sharp','AH-A7SEY',3608000,2),(60,'Sharp','AH-A09SEY',3238000,2),(61,'Sharp','AHA5SCY',2991000,2),(62,'Sharp','AH-AP9SHL',4805000,2),(63,'Sharp','AHA7SEY',3099000,2),(64,'Sharp','AH-A',2875000,2),(65,'Sharp','AH-A9SCY',3011000,2),(66,'Sharp','AH-AP5RSL',3065000,2),(67,'Sharp','AH-A12SEY',4020000,2),(68,'Sharp','AH-AP5SSY',3255000,2),(69,'Sharp','AHA5SDL',3195000,2),(70,'Sharp','AH-A5SEY',2985000,2),(71,'Sharp','AHA9SEY',4099000,2),(72,'Sharp','AH-24NCY',7009000,2),(73,'Sharp','AH-AP9SHL',3755000,2),(74,'Sharp','AC-5SHL-',3745000,2),(75,'Sharp','AH-AP7SHL',3755000,2),(76,'Sharp','AH-AP7NSY',3900000,2),(77,'Sharp','AH-A9SEY',3129000,2),(78,'Sharp','AHA5SEY',2858000,2),(79,'Sharp','AH-A5SEY',2925000,2),(80,'Sharp','AH-A5SEY',2895000,2),(81,'Sharp','AH-AP7SSY',3785000,2),(82,'Sharp','AH-A05SEY',3041000,2),(83,'Sharp','AH-A5SEY',3005000,2),(84,'Sharp','AHXP-12NSY',5550000,2),(85,'Sharp','AH-XP6SHY',4775000,2),(86,'Sharp','AH-A9SCY',2590000,2),(87,'Sharp','AH-AP5SHL',4105000,2),(88,'Polytron','PAC12',3454000,2),(89,'Polytron','07VX',2927000,2),(90,'Polytron','PAC12VDW',4198000,2),(91,'Polytron','PAC5VE',2653000,2),(92,'Polytron','09VX',2598000,2),(93,'Polytron','PAC09LE',2655000,2),(94,'Polytron','PAC09LC',2955000,2),(95,'Polytron','AC',2599000,2),(96,'Daikin','STE50KV',5954000,2),(97,'Daikin','FTNE25MV',3705000,2),(98,'Daikin','FTV25AXV14',4358000,2),(99,'Daikin','ST20LV',3550000,2),(100,'Daikin','FTNE35JEV',3777000,2),(101,'Daikin','FTM50JV',8100000,2),(102,'Daikin','FTKC35NVM4',6076000,2),(103,'Daikin','FTNE50MV',5989000,2),(104,'Daikin','RNE-FTNE15JEVI',3800000,2),(105,'Daikin','ST20HE',3100000,2),(106,'Daikin','FTV20AXV14',2845000,2),(107,'Daikin','STE50KV',6359000,2),(108,'Daikin','STE35KV',4750000,2),(109,'Daikin','ST25LV',3500000,2),(110,'Daikin','ST50HV',8757000,2),(111,'Daikin','ST20LV',3305000,2),(112,'Daikin','?',5500000,2),(113,'Daikin','FTV25AXV14',3019000,2),(114,'Daikin','FTNE25MV',3500000,2),(115,'Daikin','FCNQ21MV14',16700000,2),(116,'Daikin','FTKC25PVM4',4600000,2),(117,'Daikin','FTNE25JEV',2953900,2),(118,'Daikin','FTKC15NVM4',4899555,2),(119,'Daikin','FTNE15MV14',3355000,2),(120,'Daikin','FTV-35AXV14',4599000,2),(121,'Daikin','FTKV60NVM',16641000,2),(122,'Daikin','FTV35AXV14',3800000,2),(123,'Daikin','FTKC35PVM',6700000,2),(124,'Daikin','FTKV50NVM4',11980000,2),(125,'Daikin','FTKV35NVM4',8410000,2),(126,'Daikin','FTNE20MV',3277000,2),(127,'Daikin','FTM60JV14',11606000,2),(128,'Daikin','FTKV35NVM',7895000,2),(129,'Daikin','FTV20AXV',3358000,2),(130,'Daikin','FTNE20JEV14',3350000,2),(131,'Daikin','FTXZ25NVM4',19797000,2),(132,'Daikin','FTKC25NVM4',4525000,2),(133,'Daikin','STKD25GV',5000000,2),(134,'Daikin','FTNE25MV14',3173000,2),(135,'Daikin','',3330000,2),(136,'Daikin','FTM50JV',8745000,2),(137,'Daikin','FTV15AXV14',3295000,2),(138,'Daikin','FTV25AXV',3504000,2),(139,'Daikin','FTXZ25NVM4',23004000,2),(140,'Daikin','FTV35AXV',4338000,2),(141,'Daikin','FTNE25MV',3225000,2),(142,'Daikin','FTNE 50',5995000,2),(143,'Daikin','RNE-FTNE50MV',6500000,2),(144,'Daikin','FTKC35PVM4',5900000,2),(145,'Daikin','FTNE20MV',3160000,2),(146,'Daikin','STKD50GV',10559000,2),(147,'Daikin','FTM50JV',9480000,2),(148,'Daikin','RKC-FTKC35NVM4',7400000,2),(149,'Daikin','FTNE20MV',3533000,2),(150,'Daikin','FTNE15MV',3372500,2),(151,'Daikin','FTNE35MV',4100000,2),(152,'Daikin','FTNE15MV',3925000,2),(153,'Daikin','FTM35JV',5727000,2),(154,'Daikin','FTNE50MV14',5285000,2),(155,'Daikin','FTNE15MV',3330999,2),(156,'Daikin','FTNE20MV',4047000,2),(157,'Daikin','ST15LV',3550000,2),(158,'Daikin','FTKV25NVM4',5815000,2),(159,'Daikin','FTNE25MV',4210000,2),(160,'Daikin','FTNE20JEV14',3124000,2),(161,'Daikin','FTNE60MV',8534000,2),(162,'Daikin','Thailand',3475000,2),(163,'Daikin','FTNE50MV14',5607000,2),(164,'Daikin','RNE-FTNE25JEVI14',4007000,2),(165,'Daikin','FTM25JV',4083000,2),(166,'Daikin','FTNE15MV',3415000,2),(167,'Daikin','NVM4-',5000000,2),(168,'Daikin','FTNE60MV14',8205000,2),(169,'Daikin','FTKC50NVM',10070000,2),(170,'Daikin','FTNE50JEV14',5800000,2),(171,'Daikin','ST25LV',3852000,2),(172,'Daikin','FCNQ13MV14',13000000,2),(173,'Daikin','ST20LV',3655000,2),(174,'Daikin','FTV35AXV14',5306000,2),(175,'Daikin','FTNE25MV14',3550000,2),(176,'Daikin','RM-FTM35JV',5397000,2),(177,'Daikin','ST35HV',5400500,2),(178,'Daikin','RNE-FTNE35JEVI',4800000,2),(179,'Daikin','Thailand',5405500,2),(180,'Daikin','STKS25GV',5850000,2),(181,'Daikin','FTNE50MV',6785000,2),(182,'Samsung','AR09JRFSVURNSE',3550000,2),(183,'Samsung','AR09JRFLAW',5515500,2),(184,'Samsung','AR09JRFLAWKNSE',2956000,2),(185,'Samsung','AR05JRFSVURNSE',3429000,2),(186,'Samsung','AR05JRFLAWKN',2620500,2),(187,'Samsung','AR07JRFLAW',3097000,2),(188,'Samsung','AR09JRFLAW',3198000,2),(189,'Samsung','AR05JRFSVURN/WH',5544000,2),(190,'Samsung','AR24HVFNAWK',9275000,2),(191,'Samsung','AR05JRFLAWKNSE',2754000,2),(192,'Samsung','AR07JRFLAW',3095000,2),(193,'Samsung','AS-07TSRN',4850000,2),(194,'Samsung','AR10JVFNAWK',4970000,2),(195,'Samsung','AR09JRFLAWK',3497000,2),(196,'Samsung','5JRF',2696000,2),(197,'Samsung','AR05JRFSVURNSE',3375000,2),(198,'Samsung','AS-07HCFSV',4202000,2),(199,'Samsung','5JRF',2425000,2),(200,'Samsung','AR18JRFSWWKNSE',6185000,2),(201,'Samsung','AR-09JRFLAW',3345000,2),(202,'Samsung','07TULN',2695000,2),(203,'Samsung','AR05JRFLAW',2898000,2),(204,'Samsung','AR12JRFSWWK',4595000,2),(205,'Samsung','07TSMN',2780000,2),(206,'Samsung','AR05JRFLAWKNSE',3508000,2),(207,'Samsung','AS-05HCFSVUR',3250000,2),(208,'Samsung','AR09JRCFLAW',3250000,2),(209,'Samsung','AR07JRFLAW',5415500,2),(210,'Samsung','AR-09JRFLAW',2898000,2),(211,'Samsung','AR13JVFNAWK',5793000,2),(212,'Samsung','AR05HCFLAW',2695000,2),(213,'Samsung','AR07HCFLAW',2756000,2),(214,'Samsung','AR05JRFLAWKNSE',2695000,2),(215,'Samsung','AR18JRFSWWKNSE',6235000,2),(216,'Samsung','AR09HCFLAW',2950000,2),(217,'Samsung','AR07JRCFLAW',3173000,2),(218,'Samsung','AR05JRFLAW',2457000,2),(219,'Samsung','AR09JRSDUWKNSE',4148000,2),(220,'Samsung','AR09JRFSVURNSE',4190000,2),(221,'Samsung','AR05JRSDUWKNSE',3946000,2),(222,'Samsung','AR-07HCFST',2695000,2),(223,'Samsung','AR05JRFLAW',5305900,2),(224,'Samsung','AR09JRFSVURNSE',3603000,2),(225,'Samsung','AR09JRFSVURNSE',4095000,2),(226,'Samsung','12HCFST',4035000,2),(227,'polytron','PRM28QS',3299000,1),(228,'polytron','PRM21QS',2899000,1),(229,'polytron','PRF18QS',2049000,1),(230,'polytron','PRO17QS',1749000,1),(231,'polytron','PRM28QXI',3449000,1),(232,'polytron','PRA17HORF',1799000,1),(233,'polytron','PRM28HORF',3049000,1),(234,'polytron','PRA18HORF',1949000,1),(235,'sharp','SJ-IFX95PDG-BK',32760000,1),(236,'sharp','SJ-IFX92PM-SL',22888000,1),(237,'sharp','SJ-IF91PG-BK/RD',15655000,1),(238,'sharp','SJ-F90PG-BK',26770000,1),(239,'sharp','SJ-IF90PB-SL',15870000,1),(240,'sharp','SJ-IF85PB-SL',15230000,1),(241,'sharp','SJ-316GC-SD',3150000,1),(242,'sharp','SJ-316GC-SR',3600000,1),(243,'sharp','SJ-246GC-SD',3270000,1),(244,'sharp','SJ-246GC-SR',3270000,1),(245,'sharp','SJ-IG961PG-BK',11730000,1),(246,'sharp','SJ-IG960PM-SL',10410000,1),(247,'sharp','SJ-IG861PG-BK',11120000,1),(248,'sharp','SJ-IG861PG-RD',11120000,1),(249,'sharp','SJ-IG860PM-SL',9970000,1),(250,'sharp','SJ-IG761PG-BK',10360000,1),(251,'sharp','SJ-IG761PG-RD',10360000,1),(252,'sharp','SJ-IG760PM-SL',9610000,1),(253,'sharp','SJ-X197W-DW',2310000,1),(254,'sharp','SJ-X197MG-DP/DB',2180000,1),(255,'sharp','SJ-X187MG-DP/DB',2060000,1),(256,'sharp','SJ-X167MG-DP/DB',1739000,1),(257,'sharp','SJ-N192D-AB/AP/AS',2140000,1),(258,'sharp','SJ-N182D-AB/AP/AS',1700000,1),(259,'sharp','SJ-N162D-AB/AP/AS',1495000,1),(260,'sharp','SJ-X195W-FH',2430000,1),(261,'sharp','SJ-N191D-FP/FW/FB',1895500,1),(262,'sharp','SJ-N166F-FP/FW/FB',1580000,1),(263,'sharp','SJ-X195MG-FB/FR',1850000,1),(264,'sharp','SJ-X195MG-GB/GR',2180000,1),(265,'sharp','SJ-X165MG-FB/FR',1800000,1),(266,'sharp','SJ-X165MG-GB/GR',1650000,1),(267,'sharp','SJ-X185MG-GB/GR',2060000,1),(268,'sharp','SJ-M175F-US',1750000,1),(269,'sharp','SJ-X185M-SR/SG',1770000,1),(270,'sharp','SJ-X165M-SR/SG',1650000,1),(271,'sharp','SJ-X185MG-FB/FR',2060000,1),(272,'LG','GN-201CK',2272900,1),(273,'LG','GN-IN304SL',3050000,1),(274,'LG','GN-B372SQBK',5209900,1),(275,'LG','GN-INV201BK',2559900,1),(276,'LG','GN-INV304BK',3570000,1),(277,'LG','GN-Y331BK',2990000,1),(278,'LG','GN-Y201CLB',2350000,1),(279,'LG','GN-Y331SLB',2400000,1),(280,'LG','GN-INV201SL',2400000,1),(281,'LG','GN-INV304SL',3453000,1),(282,'LG','GN-B195SQMT',3149000,1),(283,'LG','GN-B200SQBK',3350000,1),(284,'LG','GN-B185SQBP',3279000,1),(285,'LG','GN-H452HLHN',7500000,1),(286,'LG','GN-H452HXHN',8250000,1),(287,'LG','GN-C372SXCN',5900000,1),(288,'LG','GN-B200SQBP',3745000,1),(289,'LG','GN-C272SXCN',5029000,1),(290,'LG','GN-B422SQCL',6262000,1),(291,'LG','GN-B185SQWH',3286000,1),(292,'LG','GN-B185SQBB',3521000,1),(293,'LG','GN-B200SQBB',3549000,1),(294,'LG','GC-B247KQDV',13112000,1),(295,'LG','GC-C247UGUV',17688800,1),(296,'Samsung','RR18R1000SA',2299000,1),(297,'Samsung','RT50',8199000,1),(298,'Samsung','RT38',6099000,1),(299,'Samsung','RT32',5199000,1),(300,'Samsung','RT43',6799000,1),(301,'Samsung','RT29',5299000,1),(302,'SANKEN','SK-V191A-CBG',2130000,1),(303,'SANKEN','SK-S160',3396000,1),(304,'SANKEN','SK-G232A-MR',3350000,1),(305,'SANKEN','SK-G186AH-BK',2229000,1),(306,'SANKEN','SK-G186AH-MR',2229000,1),(307,'SANKEN','SK-G236AH-MR',3381000,1),(308,'SANKEN','SK-G196AH-BK',2276000,1),(309,'SANKEN','SK-G266AH-MR',3893000,1),(310,'SANKEN','SK-G232A-BK',3350000,1),(311,'SANKEN','SK-G196AH-MR',2276000,1),(312,'SANKEN','SK-G236AH-BK',3381000,1),(313,'SANKEN','SN-118',1659000,1),(314,'SANKEN','SK-G266AH-BK',3724000,1),(962,'samsung','WA-10M5120SG',4399000,3),(963,'samsung','WA-11T5260BV',5079000,3),(964,'samsung','WA-13T5260BV',3669000,3),(965,'samsung','WA-16N6780CV',7399000,3),(966,'samsung','WA-75H4200SG',3089000,3),(967,'samsung','WA-80H4000SW',2999000,3),(968,'samsung','WT-75H320MB',2299000,3),(969,'samsung','WA-85H4200SG',3499000,3),(970,'samsung','WF-16T6000GP',11299000,3),(971,'samsung','WF-21T6500GV',13399000,3),(972,'samsung','WT-12J4200MB',2205000,3),(973,'samsung','WT-75H3210MB',2116000,3),(974,'samsung','WT-85H3210MB',2399000,3),(975,'samsung','WT-95H3330MB',2499000,3),(976,'samsung','WW-65J3033LW',3999000,3),(977,'samsung','WW-70J42G0KW',4450000,3),(978,'samsung','WW-70T3020WW',4999000,3),(979,'samsung','WW-80J42G0IW',5795000,3),(980,'samsung','WW-80T3040WW',4799000,3),(981,'LG','1285S3VS',6039000,3),(982,'LG','1285S5WS',5785000,3),(983,'LG','NTGW',9999999,3),(984,'LG','F 8007 NMCW',4339000,3),(985,'LG','F 8008 NMCW',3850000,3),(986,'LG','F2515 RTGV',1587300,3),(987,'LG','FM-1007 N3W',4799900,3),(988,'LG','FM-1207 S5W',6275000,3),(989,'LG','FM-1208 N3W',4599000,3),(990,'LG','FM-1281 D6',7139000,3),(991,'LG','FM-1285 S5W',5698000,3),(992,'LG','FV-1209 S5W',7949000,3),(993,'LG','FV-1285 S5WS',5999000,3),(994,'LG','FV-1409 S3W',7679000,3),(995,'LG','FV-1409 S4W',7399000,3),(996,'LG','FV1411S4PN',8972000,3),(997,'LG','FV-1450 H1B',11999000,3),(998,'LG','FV-1450 S1B',9999000,3),(999,'LG','P 1200 RT',3174900,3),(1000,'Panasonic','NA-127 VE5WNE',3825000,3),(1001,'Panasonic','NA-128 VK5WNE',4699000,3),(1002,'Panasonic','NA-F 70 B5',2699000,3),(1003,'Panasonic','NA-F 80 B5',2650000,3),(1004,'Panasonic','NA-F72MB1',2898000,3),(1005,'Panasonic','NA-F80MB1',3461000,3),(1006,'Panasonic','NA-W120 BBX2-H',3199000,3),(1007,'Panasonic','NA-W120 BC1-A',2400000,3),(1008,'Panasonic','NA-W120 FCX2-H',2550000,3),(1009,'Panasonic','NA-W140 BBX2-H',2799000,3),(1010,'Panasonic','NA-W140 FC1-A',2887500,3),(1011,'Panasonic','NA-W140 FCX2-H',2659000,3),(1012,'Panasonic','NA-W60 BB5-H',1520400,3),(1013,'Panasonic','NA-W60 MB1-A',1599000,3),(1014,'Panasonic','NA-W69 BBZ1-H',3193000,3),(1015,'Panasonic','NA-W86 BC2-GNA-W86 BC2-G',1799000,3),(1016,'Panasonic','NA-W95 FBY1-A',2199000,3),(1017,'Sanyo','AQW-105825 QD',2999000,3),(1018,'Sanyo','AQW-120826 QD',4200000,3),(1019,'Sanyo','AQW-78DD',2059000,3),(1020,'Sanyo','AQW-79DD',2650000,3),(1021,'Sanyo','AQW-89DD',2880000,3),(1022,'Sanyo','QW-1080 XT',1835000,3),(1023,'Sanyo','QW-780 XT (B)',1400000,3),(1024,'sharp','ES -T70 CLV',2000000,3),(1025,'sharp','ES TM 14 PY',2550000,3),(1026,'sharp','ES-1025 TY-BL',1520000,3),(1027,'sharp','ES-F1408X-SL',7350000,3),(1028,'sharp','ES-F800 H',2550000,3),(1029,'sharp','ES-F865 S-P',2281183,3),(1030,'sharp','ES-F866 S-B',2250000,3),(1031,'sharp','ES-F885 S-P',1900000,3),(1032,'sharp','ES-FL 1062B',4090000,3),(1033,'sharp','ES-M1000T-GG',3699000,3),(1034,'sharp','ES-M1008T-SAK',3585000,3),(1035,'sharp','ES-M1009T-GG',4865000,3),(1036,'sharp','ES-M1108T-SA',3925000,3),(1037,'sharp','ES-M1108T-SAK',4799000,3),(1038,'sharp','ES-M1109T-GG',4249000,3),(1039,'sharp','ES-M1209T-SA',4549000,3),(1040,'sharp','ES-T70 SW',1370000,3),(1041,'sharp','ES-T65 MW',1509000,3),(1042,'toshiba','AW-A980 MN(WU)',1750000,3),(1043,'toshiba','AW-BX 110 KN (ID)',1539123,3),(1044,'toshiba','AW-BX 80 KN (IM)',2000000,3),(1045,'toshiba','VH-B 77 SN (W)',1750000,3),(1046,'toshiba','VH-B 78 GN (WH)',1229000,3),(1047,'toshiba','VH-B 86 GJN (WB)',1850000,3),(1048,'toshiba','VH-B 86 GJN (WK)',1850000,3),(1049,'toshiba','VH-B 95 SN (W)',1875000,3),(1050,'toshiba','VH-B 96 GJN (WB)',1820000,3),(1051,'toshiba','VH-E 86 GJN (R)',1750000,3),(1052,'Polytron','PAW-9511 WB',2756000,3),(1053,'Polytron','PAW 10518B',3149000,3),(1054,'Polytron','PWM 9565 N',2070000,3),(1055,'Polytron','PWM 6568 P',1500000,3),(1056,'Polytron','PWM 7565 N',1720000,3),(1057,'Polytron','PWM 7568 P',1650000,3),(1058,'Polytron','PAW 8555',2770000,3),(1059,'Polytron','PWM 9569 C',2270000,3),(1060,'Polytron','PWM 6555 PW',1349000,3),(1061,'Polytron','PAW 7555 ND',2260000,3),(1062,'Polytron','PAW 8008 FR',2240000,3),(1063,'Polytron','PAW 8009 FW',2590000,3),(1064,'Polytron','PAW 9008 FR',2940000,3),(1065,'Polytron','PAW 9009 FW',2950000,3);
/*!40000 ALTER TABLE `produk` ENABLE KEYS */;
UNLOCK TABLES;

--
-- Table structure for table `subkriteria`
--

DROP TABLE IF EXISTS `subkriteria`;
/*!40101 SET @saved_cs_client     = @@character_set_client */;
/*!50503 SET character_set_client = utf8mb4 */;
CREATE TABLE `subkriteria` (
  `id` int NOT NULL AUTO_INCREMENT,
  `nama` varchar(50) NOT NULL,
  `nilai` int NOT NULL,
  `fkKriteria` int NOT NULL,
  PRIMARY KEY (`id`),
  KEY `subkriteria_fkKriteria_foreign` (`fkKriteria`),
  CONSTRAINT `subkriteria_fkKriteria_foreign` FOREIGN KEY (`fkKriteria`) REFERENCES `kriteria` (`id`) ON DELETE CASCADE
) ENGINE=InnoDB AUTO_INCREMENT=97 DEFAULT CHARSET=utf8mb3;
/*!40101 SET character_set_client = @saved_cs_client */;

--
-- Dumping data for table `subkriteria`
--

LOCK TABLES `subkriteria` WRITE;
/*!40000 ALTER TABLE `subkriteria` DISABLE KEYS */;
INSERT INTO `subkriteria` VALUES (1,'1',1,16),(4,'100-300',1,1),(12,'300-600',2,1),(18,'600-900',3,1),(24,'2',2,16),(31,'otomatis',2,10),(32,'manual',1,10),(43,'kecil',5,13),(44,'sedang',3,13),(45,'besar',1,13),(50,'panasonic',1,15),(51,'toshiba',2,15),(52,'polytron',3,15),(53,'samsung',4,15),(54,'sharp',4,15),(55,'sanyo',5,15),(57,'0-3.000.000',1,11),(58,'3.000.000-6.000.000',2,11),(59,'6.000.000-9.000.000',3,11),(60,'0-100',1,14),(61,'100-300',2,14),(62,'300-500',3,14),(63,'500-1000',4,14),(64,'5-8',1,12),(65,'8-10',2,12),(66,'10-15',3,12),(67,'0-50',1,2),(68,'50-100',2,2),(69,'100-150',3,2),(70,'0-3.000.000',1,3),(71,'3.000.000-6.000.000',2,3),(72,'6.000.000-9.000.000',3,3),(73,'polytron',1,4),(74,'sharp',2,4),(75,'LG',3,4),(76,'Samsung',4,4),(77,'SANKEN',5,4),(78,'0-3.000.000',1,5),(79,'3.000.000-6.000.000',2,5),(80,'6.000.000-9.000.000',3,5),(81,'3',7,6),(82,'2',6,6),(83,'1',5,6),(84,'5/2',4,6),(85,'3/2',3,6),(86,'3/4',2,6),(87,'1/2',1,6),(88,'0-100',1,7),(89,'100-500',2,7),(90,'500-1000',3,7),(91,'1000-2000',4,7),(92,'LG',1,9),(93,'Sharp',2,9),(94,'Polytron',3,9),(95,'Daikin',4,9),(96,'Samsung',5,9);
/*!40000 ALTER TABLE `subkriteria` ENABLE KEYS */;
UNLOCK TABLES;

--
-- Table structure for table `users`
--

DROP TABLE IF EXISTS `users`;
/*!40101 SET @saved_cs_client     = @@character_set_client */;
/*!50503 SET character_set_client = utf8mb4 */;
CREATE TABLE `users` (
  `id` int unsigned NOT NULL AUTO_INCREMENT,
  `email` varchar(255) NOT NULL,
  `username` varchar(30) DEFAULT NULL,
  `password_hash` varchar(255) NOT NULL,
  `reset_hash` varchar(255) DEFAULT NULL,
  `reset_at` datetime DEFAULT NULL,
  `reset_expires` datetime DEFAULT NULL,
  `activate_hash` varchar(255) DEFAULT NULL,
  `status` varchar(255) DEFAULT NULL,
  `status_message` varchar(255) DEFAULT NULL,
  `active` tinyint(1) NOT NULL DEFAULT '0',
  `force_pass_reset` tinyint(1) NOT NULL DEFAULT '0',
  `created_at` datetime DEFAULT NULL,
  `updated_at` datetime DEFAULT NULL,
  `deleted_at` datetime DEFAULT NULL,
  PRIMARY KEY (`id`),
  UNIQUE KEY `email` (`email`),
  UNIQUE KEY `username` (`username`)
) ENGINE=InnoDB AUTO_INCREMENT=3 DEFAULT CHARSET=utf8mb3;
/*!40101 SET character_set_client = @saved_cs_client */;

--
-- Dumping data for table `users`
--

LOCK TABLES `users` WRITE;
/*!40000 ALTER TABLE `users` DISABLE KEYS */;
INSERT INTO `users` VALUES (1,'admin@demo.com','admin','$2y$10$DFWqcQR0jTvkK4FxTIUStuu2YzVsGc.JnC6myoGkiovrSrgc3GuiK',NULL,NULL,NULL,NULL,NULL,NULL,1,0,'2023-06-02 09:46:28','2023-06-02 09:46:43',NULL),(2,'kurir@demo.com','kurir','$2y$10$8Qu40clj02t4XLf4/KoPtewc2Q5lrSB9txBfaJEKjBaipNRpFWV6G',NULL,NULL,NULL,NULL,NULL,NULL,1,0,'2023-06-12 23:02:55','2023-06-12 23:03:11',NULL);
/*!40000 ALTER TABLE `users` ENABLE KEYS */;
UNLOCK TABLES;
/*!40103 SET TIME_ZONE=@OLD_TIME_ZONE */;

/*!40101 SET SQL_MODE=@OLD_SQL_MODE */;
/*!40014 SET FOREIGN_KEY_CHECKS=@OLD_FOREIGN_KEY_CHECKS */;
/*!40014 SET UNIQUE_CHECKS=@OLD_UNIQUE_CHECKS */;
/*!40101 SET CHARACTER_SET_CLIENT=@OLD_CHARACTER_SET_CLIENT */;
/*!40101 SET CHARACTER_SET_RESULTS=@OLD_CHARACTER_SET_RESULTS */;
/*!40101 SET COLLATION_CONNECTION=@OLD_COLLATION_CONNECTION */;
/*!40111 SET SQL_NOTES=@OLD_SQL_NOTES */;

-- Dump completed on 2023-06-13  8:14:20
